emp_id,attendance_date,check_in_time,check_out_time,work_mode,attendance_status,location,device_id,ip_address,break_duration,overtime_hours,shift_type
E001,2024-01-01,09:08,19:08,Remote,Present,Mumbai,DVC5755,192.168.1.161,0.68,1.5,Flexible
E001,2024-01-02,09:15,19:15,On-site,Present,Mumbai,DVC7506,192.168.1.63,0.59,0.13,General
E001,2024-01-03,09:05,17:05,Remote,Present,Mumbai,DVC9123,192.168.1.219,0.53,1.28,Flexible
E001,2024-01-04,09:07,17:07,Remote,Present,Mumbai,DVC8355,192.168.1.49,1.33,1.07,Flexible
E001,2024-01-05,09:08,18:08,On-site,Present,Mumbai,DVC3666,192.168.1.167,0.66,0.43,General
E001,2024-01-08,09:00,19:00,Remote,Present,Mumbai,DVC6934,192.168.1.18,1.07,0.21,Flexible
E001,2024-01-09,09:04,18:04,On-site,Present,Mumbai,DVC3523,192.168.1.192,1.32,1.9,Night
E001,2024-01-10,09:03,17:03,Remote,Present,Mumbai,DVC5841,192.168.1.62,1.37,1.49,Night
E001,2024-01-11,09:11,18:11,Remote,Present,Mumbai,DVC6420,192.168.1.47,1.05,1.77,Flexible
E001,2024-01-12,09:07,19:07,On-site,Present,Mumbai,DVC3999,192.168.1.79,0.84,0.05,General
E001,2024-01-15,09:14,18:14,Remote,Present,Mumbai,DVC7901,192.168.1.161,1.29,0.42,Night
E001,2024-01-16,09:01,19:01,Remote,Present,Mumbai,DVC2912,192.168.1.217,1.48,1.87,General
E001,2024-01-17,09:14,18:14,On-site,Present,Mumbai,DVC6977,192.168.1.116,1.2,1.48,Flexible
E001,2024-01-18,09:14,19:14,Remote,Present,Mumbai,DVC9733,192.168.1.17,1.42,1.76,Night
E001,2024-01-19,09:10,19:10,On-site,Present,Mumbai,DVC7850,192.168.1.31,0.92,1.26,Night
E001,2024-01-22,09:07,17:07,On-site,Present,Mumbai,DVC7063,192.168.1.77,0.74,0.51,Night
E001,2024-01-23,09:13,18:13,On-site,Present,Mumbai,DVC7518,192.168.1.43,1.44,0.73,Flexible
E001,2024-01-24,09:03,17:03,Remote,Present,Mumbai,DVC8521,192.168.1.246,0.72,1.5,Flexible
E001,2024-01-25,09:08,18:08,On-site,Present,Mumbai,DVC7695,192.168.1.158,0.71,1.31,Flexible
E001,2024-01-26,09:00,17:00,On-site,Present,Mumbai,DVC4083,192.168.1.91,0.75,1.7,Night
E001,2024-01-29,09:13,17:13,Remote,Present,Mumbai,DVC7175,192.168.1.65,1.42,0.42,Flexible
E001,2024-01-30,09:11,18:11,On-site,Present,Mumbai,DVC4987,192.168.1.101,1.3,0.34,General
E001,2024-01-31,09:14,17:14,On-site,Present,Mumbai,DVC4774,192.168.1.97,0.76,1.44,Night
E001,2024-02-01,09:11,17:11,On-site,Present,Mumbai,DVC1675,192.168.1.154,0.7,0.88,Flexible
E001,2024-02-02,09:11,18:11,On-site,Present,Mumbai,DVC3271,192.168.1.151,0.74,0.71,Night
E001,2024-02-05,09:09,17:09,On-site,Present,Mumbai,DVC3506,192.168.1.236,1.36,0.56,Night
E001,2024-02-06,09:08,18:08,On-site,Present,Mumbai,DVC5570,192.168.1.159,1.36,0.5,Flexible
E001,2024-02-07,09:03,18:03,On-site,Present,Mumbai,DVC9021,192.168.1.105,0.73,0.3,General
E001,2024-02-08,09:00,19:00,On-site,Present,Mumbai,DVC2559,192.168.1.140,0.89,1.29,General
E001,2024-02-09,09:14,19:14,Remote,Present,Mumbai,DVC1677,192.168.1.140,0.86,1.7,Flexible
E001,2024-02-12,09:14,17:14,Remote,Present,Mumbai,DVC6942,192.168.1.196,1.48,1.8,Night
E001,2024-02-13,09:09,18:09,On-site,Present,Mumbai,DVC6266,192.168.1.110,0.57,0.77,Flexible
E001,2024-02-14,09:08,18:08,On-site,Present,Mumbai,DVC3517,192.168.1.79,1.01,0.74,Flexible
E001,2024-02-15,09:08,18:08,Remote,Present,Mumbai,DVC6180,192.168.1.65,1.11,1.31,Night
E001,2024-02-16,09:03,17:03,On-site,Present,Mumbai,DVC4175,192.168.1.194,1.16,0.49,Night
E001,2024-02-19,09:04,17:04,On-site,Present,Mumbai,DVC3266,192.168.1.242,1.06,0.34,Night
E001,2024-02-20,09:03,17:03,Remote,Present,Mumbai,DVC5822,192.168.1.52,1.25,0.51,Night
E001,2024-02-21,09:01,19:01,On-site,Present,Mumbai,DVC5794,192.168.1.186,1.35,1.55,General
E001,2024-02-22,09:15,19:15,On-site,Present,Mumbai,DVC5223,192.168.1.88,0.76,1.44,General
E001,2024-02-23,09:15,19:15,Remote,Present,Mumbai,DVC2067,192.168.1.135,0.73,1.48,Night
E001,2024-02-26,09:05,19:05,Remote,Present,Mumbai,DVC2270,192.168.1.148,0.85,0.16,Flexible
E001,2024-02-27,09:01,19:01,On-site,Present,Mumbai,DVC7830,192.168.1.241,1.45,0.7,Flexible
E001,2024-02-28,09:13,17:13,On-site,Present,Mumbai,DVC8405,192.168.1.27,0.91,1.89,Night
E001,2024-02-29,09:01,17:01,On-site,Present,Mumbai,DVC2964,192.168.1.170,0.54,0.37,Night
E001,2024-03-01,09:14,17:14,Remote,Present,Mumbai,DVC5604,192.168.1.181,0.63,0.9,Flexible
E001,2024-03-04,09:07,18:07,On-site,Present,Mumbai,DVC2239,192.168.1.100,0.53,1.09,Flexible
E001,2024-03-05,09:05,18:05,Remote,Present,Mumbai,DVC9036,192.168.1.8,0.51,1.63,Flexible
E001,2024-03-06,09:06,17:06,Remote,Present,Mumbai,DVC8507,192.168.1.217,1.05,0.13,General
E001,2024-03-07,09:15,17:15,Remote,Present,Mumbai,DVC3916,192.168.1.67,1.02,1.43,General
E001,2024-03-08,09:06,18:06,Remote,Present,Mumbai,DVC1953,192.168.1.141,0.77,0.96,General
E001,2024-03-11,09:05,19:05,Remote,Present,Mumbai,DVC5072,192.168.1.188,1.42,1.19,Flexible
E001,2024-03-12,09:15,19:15,Remote,Present,Mumbai,DVC3529,192.168.1.155,1.06,0.47,Night
E001,2024-03-13,09:13,17:13,Remote,Present,Mumbai,DVC1321,192.168.1.177,0.94,1.67,Flexible
E001,2024-03-14,09:00,19:00,On-site,Present,Mumbai,DVC1689,192.168.1.164,1.49,1.91,Night
E001,2024-03-15,09:02,19:02,Remote,Present,Mumbai,DVC8446,192.168.1.203,1.03,0.02,Night
E001,2024-03-18,09:05,19:05,On-site,Present,Mumbai,DVC1461,192.168.1.41,0.57,0.68,Flexible
E001,2024-03-19,09:15,17:15,Remote,Present,Mumbai,DVC5708,192.168.1.158,0.74,0.48,Flexible
E001,2024-03-20,09:05,17:05,Remote,Present,Mumbai,DVC3599,192.168.1.199,1.03,0.71,Night
E001,2024-03-21,09:15,18:15,Remote,Present,Mumbai,DVC1645,192.168.1.99,1.16,0.83,General
E001,2024-03-22,09:08,17:08,Remote,Present,Mumbai,DVC5030,192.168.1.76,1.46,1.72,Night
E001,2024-03-25,09:03,18:03,Remote,Present,Mumbai,DVC9830,192.168.1.107,1.27,1.22,Flexible
E001,2024-03-26,09:02,17:02,On-site,Present,Mumbai,DVC7135,192.168.1.7,1.29,0.04,Flexible
E001,2024-03-27,09:14,18:14,Remote,Present,Mumbai,DVC9752,192.168.1.201,1.3,0.56,General
E001,2024-03-28,09:05,19:05,Remote,Present,Mumbai,DVC6736,192.168.1.22,1.06,1.78,Flexible
E001,2024-03-29,09:11,19:11,Remote,Present,Mumbai,DVC4560,192.168.1.176,0.81,0.41,Night
E001,2024-04-01,09:04,18:04,Remote,Present,Mumbai,DVC3912,192.168.1.139,0.94,1.1,Flexible
E001,2024-04-02,09:00,18:00,On-site,Present,Mumbai,DVC1419,192.168.1.190,0.74,0.61,Flexible
E001,2024-04-03,09:15,19:15,Remote,Present,Mumbai,DVC6060,192.168.1.148,0.75,0.19,Flexible
E001,2024-04-04,09:05,18:05,Remote,Present,Mumbai,DVC4488,192.168.1.230,1.42,0.88,General
E001,2024-04-05,09:09,18:09,Remote,Present,Mumbai,DVC7954,192.168.1.76,1.35,0.01,Flexible
E001,2024-04-08,09:10,18:10,Remote,Present,Mumbai,DVC2239,192.168.1.229,0.87,1.35,Flexible
E001,2024-04-09,09:13,17:13,On-site,Present,Mumbai,DVC6712,192.168.1.71,0.89,0.5,General
E001,2024-04-10,09:10,18:10,On-site,Present,Mumbai,DVC1904,192.168.1.26,1.35,1.17,General
E001,2024-04-11,09:08,19:08,On-site,Present,Mumbai,DVC1707,192.168.1.6,0.85,1.16,General
E001,2024-04-12,09:04,19:04,Remote,Present,Mumbai,DVC6481,192.168.1.175,0.96,1.96,General
E001,2024-04-15,09:05,17:05,On-site,Present,Mumbai,DVC3969,192.168.1.213,0.74,0.32,General
E001,2024-04-16,09:13,17:13,On-site,Present,Mumbai,DVC3625,192.168.1.127,0.98,1.78,Night
E001,2024-04-17,09:13,19:13,On-site,Present,Mumbai,DVC4140,192.168.1.179,0.98,0.46,Night
E001,2024-04-18,09:14,19:14,Remote,Present,Mumbai,DVC7962,192.168.1.85,0.54,0.27,Flexible
E001,2024-04-19,09:05,17:05,Remote,Present,Mumbai,DVC2220,192.168.1.13,0.81,0.33,General
E001,2024-04-22,09:07,18:07,On-site,Present,Mumbai,DVC3709,192.168.1.91,1.49,1.81,Flexible
E001,2024-04-23,09:04,18:04,On-site,Present,Mumbai,DVC3906,192.168.1.97,1.04,0.26,Night
E001,2024-04-24,09:15,17:15,On-site,Present,Mumbai,DVC8206,192.168.1.175,1.41,1.77,Flexible
E001,2024-04-25,09:06,19:06,Remote,Present,Mumbai,DVC8846,192.168.1.99,1.31,0.71,Night
E001,2024-04-26,09:04,18:04,Remote,Present,Mumbai,DVC7957,192.168.1.205,0.6,0.34,Night
E001,2024-04-29,09:10,17:10,On-site,Present,Mumbai,DVC2572,192.168.1.2,1.32,0.96,General
E001,2024-04-30,09:03,19:03,Remote,Present,Mumbai,DVC3719,192.168.1.238,0.53,0.56,General
E001,2024-05-01,09:01,19:01,Remote,Present,Mumbai,DVC9245,192.168.1.173,1.37,0.27,General
E001,2024-05-02,09:04,17:04,Remote,Present,Mumbai,DVC2107,192.168.1.73,1.22,1.93,General
E001,2024-05-03,09:12,18:12,On-site,Present,Mumbai,DVC2981,192.168.1.194,0.94,0.25,Night
E001,2024-05-06,09:08,17:08,Remote,Present,Mumbai,DVC6307,192.168.1.205,0.73,1.19,General
E001,2024-05-07,09:13,19:13,Remote,Present,Mumbai,DVC4478,192.168.1.221,1.01,1.69,Flexible
E001,2024-05-08,09:15,17:15,Remote,Present,Mumbai,DVC9650,192.168.1.195,1.15,0.79,Flexible
E001,2024-05-09,09:07,18:07,Remote,Present,Mumbai,DVC1939,192.168.1.232,0.54,1.77,Flexible
E001,2024-05-10,09:03,18:03,Remote,Present,Mumbai,DVC1021,192.168.1.151,1.12,1.52,Flexible
E001,2024-05-13,09:15,19:15,Remote,Present,Mumbai,DVC9234,192.168.1.125,1.2,0.18,General
E001,2024-05-14,09:13,18:13,Remote,Present,Mumbai,DVC1804,192.168.1.179,1.24,0.54,General
E001,2024-05-15,09:06,17:06,Remote,Present,Mumbai,DVC2571,192.168.1.221,1.1,0.56,Flexible
E001,2024-05-16,09:05,18:05,Remote,Present,Mumbai,DVC6630,192.168.1.169,0.68,1.82,Night
E001,2024-05-17,09:05,18:05,Remote,Present,Mumbai,DVC8951,192.168.1.17,0.76,1.79,Night
E001,2024-05-20,09:14,17:14,Remote,Present,Mumbai,DVC8047,192.168.1.45,0.97,0.83,Night
E001,2024-05-21,09:15,18:15,Remote,Present,Mumbai,DVC6696,192.168.1.64,1.47,1.37,Flexible
E001,2024-05-22,09:15,19:15,Remote,Present,Mumbai,DVC9360,192.168.1.100,0.59,0.62,General
E001,2024-05-23,09:04,18:04,Remote,Present,Mumbai,DVC3451,192.168.1.122,1.1,1.64,Night
E001,2024-05-24,09:07,19:07,Remote,Present,Mumbai,DVC6373,192.168.1.22,1.46,1.19,General
E001,2024-05-27,09:10,17:10,Remote,Present,Mumbai,DVC3409,192.168.1.74,0.85,0.48,Flexible
E001,2024-05-28,09:13,18:13,Remote,Present,Mumbai,DVC6947,192.168.1.207,0.76,0.18,General
E001,2024-05-29,09:10,19:10,On-site,Present,Mumbai,DVC3972,192.168.1.56,1.29,0.53,General
E001,2024-05-30,09:06,18:06,Remote,Present,Mumbai,DVC3244,192.168.1.50,1.08,0.01,Night
E001,2024-05-31,09:13,19:13,Remote,Present,Mumbai,DVC4967,192.168.1.192,1.35,1.73,Night
E001,2024-06-03,09:02,18:02,On-site,Present,Mumbai,DVC1314,192.168.1.129,0.61,0.72,General
E001,2024-06-04,09:15,18:15,Remote,Present,Mumbai,DVC6724,192.168.1.49,0.96,0.11,General
E001,2024-06-05,09:06,19:06,Remote,Present,Mumbai,DVC9521,192.168.1.116,1.16,0.51,Flexible
E001,2024-06-06,09:10,18:10,Remote,Present,Mumbai,DVC4885,192.168.1.239,0.93,1.21,General
E001,2024-06-07,09:10,17:10,On-site,Present,Mumbai,DVC6944,192.168.1.131,1.05,0.9,General
E001,2024-06-10,09:08,17:08,On-site,Present,Mumbai,DVC5616,192.168.1.38,1.18,1.05,General
E001,2024-06-11,09:04,18:04,Remote,Present,Mumbai,DVC4375,192.168.1.200,1.23,1.29,Night
E001,2024-06-12,09:15,19:15,On-site,Present,Mumbai,DVC7428,192.168.1.119,0.99,0.36,Night
E001,2024-06-13,09:11,17:11,Remote,Present,Mumbai,DVC9427,192.168.1.245,1.09,1.74,General
E001,2024-06-14,09:08,17:08,On-site,Present,Mumbai,DVC4985,192.168.1.15,0.93,0.41,Flexible
E001,2024-06-17,09:06,18:06,Remote,Present,Mumbai,DVC5794,192.168.1.246,1.39,1.14,Flexible
E001,2024-06-18,09:07,18:07,On-site,Present,Mumbai,DVC2979,192.168.1.133,0.54,1.64,General
E001,2024-06-19,09:14,18:14,Remote,Present,Mumbai,DVC5687,192.168.1.199,1.32,0.4,Flexible
E001,2024-06-20,09:12,17:12,On-site,Present,Mumbai,DVC2004,192.168.1.177,1.26,1.4,Night
E001,2024-06-21,09:12,17:12,On-site,Present,Mumbai,DVC9962,192.168.1.141,1.27,0.85,Night
E001,2024-06-24,09:02,19:02,Remote,Present,Mumbai,DVC4287,192.168.1.224,0.74,1.25,Night
E001,2024-06-25,09:00,18:00,On-site,Present,Mumbai,DVC8503,192.168.1.42,1.02,0.69,Flexible
E001,2024-06-26,09:07,18:07,Remote,Present,Mumbai,DVC7922,192.168.1.167,0.57,0.2,Night
E001,2024-06-27,09:15,18:15,Remote,Present,Mumbai,DVC5502,192.168.1.115,1.06,0.48,General
E001,2024-06-28,09:12,17:12,On-site,Present,Mumbai,DVC3765,192.168.1.176,0.99,0.88,General
E002,2024-01-01,09:07,19:07,Remote,Present,Mumbai,DVC4964,192.168.1.93,1.24,0.18,General
E002,2024-01-02,09:05,19:05,On-site,Present,Mumbai,DVC2997,192.168.1.31,0.51,1.97,Night
E002,2024-01-03,09:07,19:07,On-site,Present,Mumbai,DVC2637,192.168.1.175,1.08,1.92,Flexible
E002,2024-01-04,09:15,18:15,On-site,Present,Mumbai,DVC7982,192.168.1.82,1.13,1.17,Flexible
E002,2024-01-05,09:08,17:08,On-site,Present,Mumbai,DVC5156,192.168.1.172,0.74,1.22,Flexible
E002,2024-01-08,09:08,18:08,Remote,Present,Mumbai,DVC6008,192.168.1.55,1.18,1.96,Flexible
E002,2024-01-09,09:15,17:15,Remote,Present,Mumbai,DVC7423,192.168.1.90,1.22,0.74,Flexible
E002,2024-01-10,09:06,18:06,Remote,Present,Mumbai,DVC2902,192.168.1.149,0.8,0.89,General
E002,2024-01-11,09:03,17:03,On-site,Present,Mumbai,DVC2237,192.168.1.121,1.26,0.16,Night
E002,2024-01-12,09:05,17:05,On-site,Present,Mumbai,DVC4649,192.168.1.233,1.4,0.71,General
E002,2024-01-15,09:03,19:03,On-site,Present,Mumbai,DVC5408,192.168.1.145,1.11,0.38,Night
E002,2024-01-16,09:01,17:01,Remote,Present,Mumbai,DVC5986,192.168.1.168,1.45,1.5,General
E002,2024-01-17,09:03,19:03,Remote,Present,Mumbai,DVC3699,192.168.1.21,0.86,1.37,Night
E002,2024-01-18,09:15,19:15,Remote,Present,Mumbai,DVC2232,192.168.1.60,1.32,0.46,Flexible
E002,2024-01-19,09:04,18:04,Remote,Present,Mumbai,DVC8581,192.168.1.17,0.77,1.88,General
E002,2024-01-22,09:15,18:15,Remote,Present,Mumbai,DVC8718,192.168.1.153,1.44,0.05,Flexible
E002,2024-01-23,09:05,19:05,Remote,Present,Mumbai,DVC1057,192.168.1.84,0.75,1.42,Night
E002,2024-01-24,09:14,18:14,Remote,Present,Mumbai,DVC8159,192.168.1.30,1.0,1.34,Flexible
E002,2024-01-25,09:12,17:12,On-site,Present,Mumbai,DVC5260,192.168.1.25,1.46,1.63,Night
E002,2024-01-26,09:02,18:02,On-site,Present,Mumbai,DVC2432,192.168.1.45,1.41,1.16,General
E002,2024-01-29,09:12,19:12,On-site,Present,Mumbai,DVC7249,192.168.1.208,1.13,1.41,General
E002,2024-01-30,09:12,17:12,On-site,Present,Mumbai,DVC2436,192.168.1.205,0.72,0.42,Night
E002,2024-01-31,09:09,17:09,On-site,Present,Mumbai,DVC4309,192.168.1.160,0.68,0.4,Flexible
E002,2024-02-01,09:13,18:13,Remote,Present,Mumbai,DVC9933,192.168.1.73,1.24,1.54,Night
E002,2024-02-02,09:01,18:01,On-site,Present,Mumbai,DVC7028,192.168.1.138,0.78,1.43,Flexible
E002,2024-02-05,09:15,18:15,On-site,Present,Mumbai,DVC6313,192.168.1.176,0.9,0.29,Flexible
E002,2024-02-06,09:01,18:01,On-site,Present,Mumbai,DVC6229,192.168.1.187,0.79,0.37,Flexible
E002,2024-02-07,09:10,19:10,On-site,Present,Mumbai,DVC4444,192.168.1.145,1.15,1.4,Night
E002,2024-02-08,09:14,17:14,On-site,Present,Mumbai,DVC5565,192.168.1.42,0.64,0.01,Flexible
E002,2024-02-09,09:04,17:04,On-site,Present,Mumbai,DVC3005,192.168.1.118,1.2,0.12,Night
E002,2024-02-12,09:14,17:14,Remote,Present,Mumbai,DVC7259,192.168.1.97,0.57,1.12,Flexible
E002,2024-02-13,09:15,17:15,Remote,Present,Mumbai,DVC7684,192.168.1.203,0.75,2.0,Night
E002,2024-02-14,09:08,17:08,On-site,Present,Mumbai,DVC9052,192.168.1.48,0.68,1.69,Flexible
E002,2024-02-15,09:14,17:14,Remote,Present,Mumbai,DVC9289,192.168.1.140,0.66,0.82,Night
E002,2024-02-16,09:00,18:00,On-site,Present,Mumbai,DVC3985,192.168.1.233,1.46,0.52,Flexible
E002,2024-02-19,09:06,18:06,Remote,Present,Mumbai,DVC6881,192.168.1.188,0.88,0.42,Flexible
E002,2024-02-20,09:10,18:10,On-site,Present,Mumbai,DVC1938,192.168.1.234,0.78,0.49,General
E002,2024-02-21,09:10,17:10,On-site,Present,Mumbai,DVC4699,192.168.1.250,0.72,1.01,General
E002,2024-02-22,09:09,17:09,On-site,Present,Mumbai,DVC8586,192.168.1.37,1.18,0.13,General
E002,2024-02-23,09:12,18:12,Remote,Present,Mumbai,DVC3889,192.168.1.101,0.92,1.55,General
E002,2024-02-26,09:09,18:09,On-site,Present,Mumbai,DVC6352,192.168.1.6,1.45,1.31,Flexible
E002,2024-02-27,09:15,19:15,On-site,Present,Mumbai,DVC4110,192.168.1.247,1.09,0.55,Night
E002,2024-02-28,09:07,18:07,Remote,Present,Mumbai,DVC3892,192.168.1.64,1.03,0.75,General
E002,2024-02-29,09:10,18:10,Remote,Present,Mumbai,DVC6813,192.168.1.119,0.76,0.48,Night
E002,2024-03-01,09:10,17:10,On-site,Present,Mumbai,DVC5549,192.168.1.17,0.81,1.07,General
E002,2024-03-04,09:14,19:14,Remote,Present,Mumbai,DVC2797,192.168.1.226,1.47,1.04,General
E002,2024-03-05,09:04,18:04,Remote,Present,Mumbai,DVC6834,192.168.1.46,0.99,1.14,Night
E002,2024-03-06,09:01,17:01,Remote,Present,Mumbai,DVC6882,192.168.1.200,1.44,1.95,Night
E002,2024-03-07,09:13,18:13,On-site,Present,Mumbai,DVC4976,192.168.1.53,0.85,1.63,Night
E002,2024-03-08,09:09,18:09,On-site,Present,Mumbai,DVC8539,192.168.1.122,0.73,1.3,Flexible
E002,2024-03-11,09:01,18:01,Remote,Present,Mumbai,DVC6558,192.168.1.71,0.63,1.58,General
E002,2024-03-12,09:04,17:04,Remote,Present,Mumbai,DVC4476,192.168.1.120,0.84,0.33,Night
E002,2024-03-13,09:01,19:01,Remote,Present,Mumbai,DVC4751,192.168.1.85,0.59,0.39,Flexible
E002,2024-03-14,09:04,17:04,On-site,Present,Mumbai,DVC7548,192.168.1.42,0.72,1.65,Night
E002,2024-03-15,09:12,17:12,Remote,Present,Mumbai,DVC4466,192.168.1.219,1.42,0.65,Night
E002,2024-03-18,09:06,19:06,On-site,Present,Mumbai,DVC7561,192.168.1.33,1.21,1.99,Flexible
E002,2024-03-19,09:12,19:12,On-site,Present,Mumbai,DVC1643,192.168.1.245,1.14,1.99,Night
E002,2024-03-20,09:12,17:12,Remote,Present,Mumbai,DVC5164,192.168.1.181,1.25,1.58,Night
E002,2024-03-21,09:09,18:09,On-site,Present,Mumbai,DVC4154,192.168.1.174,1.15,0.67,Flexible
E002,2024-03-22,09:03,19:03,Remote,Present,Mumbai,DVC7557,192.168.1.40,0.56,0.97,Flexible
E002,2024-03-25,09:03,18:03,Remote,Present,Mumbai,DVC5271,192.168.1.219,1.5,1.43,Night
E002,2024-03-26,09:11,17:11,On-site,Present,Mumbai,DVC3349,192.168.1.223,1.46,0.99,Night
E002,2024-03-27,09:11,19:11,Remote,Present,Mumbai,DVC3582,192.168.1.80,0.53,0.15,Flexible
E002,2024-03-28,09:15,19:15,On-site,Present,Mumbai,DVC4818,192.168.1.182,1.13,0.84,General
E002,2024-03-29,09:03,18:03,Remote,Present,Mumbai,DVC5096,192.168.1.148,1.47,0.95,Flexible
E002,2024-04-01,09:04,19:04,On-site,Present,Mumbai,DVC9758,192.168.1.143,1.13,1.99,Night
E002,2024-04-02,09:03,17:03,On-site,Present,Mumbai,DVC1958,192.168.1.104,1.23,1.46,Night
E002,2024-04-03,09:01,17:01,Remote,Present,Mumbai,DVC5167,192.168.1.239,0.63,1.78,General
E002,2024-04-04,09:02,17:02,Remote,Present,Mumbai,DVC3378,192.168.1.138,0.58,1.21,Night
E002,2024-04-05,09:11,18:11,Remote,Present,Mumbai,DVC9633,192.168.1.166,0.75,0.91,Night
E002,2024-04-08,09:11,18:11,Remote,Present,Mumbai,DVC6999,192.168.1.243,1.16,0.33,Night
E002,2024-04-09,09:03,17:03,Remote,Present,Mumbai,DVC1310,192.168.1.224,0.67,0.31,General
E002,2024-04-10,09:11,17:11,On-site,Present,Mumbai,DVC2396,192.168.1.78,1.21,0.71,Night
E002,2024-04-11,09:14,19:14,Remote,Present,Mumbai,DVC1207,192.168.1.68,1.16,0.12,General
E002,2024-04-12,09:08,19:08,Remote,Present,Mumbai,DVC4738,192.168.1.138,1.06,1.27,Night
E002,2024-04-15,09:08,18:08,Remote,Present,Mumbai,DVC4597,192.168.1.119,0.68,0.05,Flexible
E002,2024-04-16,09:12,17:12,On-site,Present,Mumbai,DVC8562,192.168.1.11,0.82,0.36,Night
E002,2024-04-17,09:15,18:15,On-site,Present,Mumbai,DVC9262,192.168.1.173,1.11,0.16,Flexible
E002,2024-04-18,09:08,17:08,On-site,Present,Mumbai,DVC6723,192.168.1.180,0.73,1.45,General
E002,2024-04-19,09:07,18:07,On-site,Present,Mumbai,DVC6502,192.168.1.225,1.48,1.4,General
E002,2024-04-22,09:03,18:03,On-site,Present,Mumbai,DVC1910,192.168.1.218,1.16,0.41,Flexible
E002,2024-04-23,09:05,19:05,Remote,Present,Mumbai,DVC1861,192.168.1.64,0.76,1.02,Night
E002,2024-04-24,09:07,17:07,On-site,Present,Mumbai,DVC2032,192.168.1.77,1.14,1.0,Night
E002,2024-04-25,09:03,17:03,Remote,Present,Mumbai,DVC1078,192.168.1.225,1.09,1.44,General
E002,2024-04-26,09:14,17:14,On-site,Present,Mumbai,DVC7261,192.168.1.137,1.33,0.13,Flexible
E002,2024-04-29,09:02,19:02,On-site,Present,Mumbai,DVC2206,192.168.1.178,1.19,0.22,Flexible
E002,2024-04-30,09:13,18:13,On-site,Present,Mumbai,DVC3706,192.168.1.244,1.22,1.53,Flexible
E002,2024-05-01,09:14,17:14,On-site,Present,Mumbai,DVC1581,192.168.1.98,0.74,1.01,Night
E002,2024-05-02,09:04,17:04,Remote,Present,Mumbai,DVC6711,192.168.1.74,0.86,1.36,Night
E002,2024-05-03,09:14,19:14,Remote,Present,Mumbai,DVC3475,192.168.1.187,0.59,0.09,Night
E002,2024-05-06,09:13,19:13,Remote,Present,Mumbai,DVC5815,192.168.1.113,0.94,0.02,Night
E002,2024-05-07,09:10,19:10,On-site,Present,Mumbai,DVC5836,192.168.1.167,0.9,1.74,Flexible
E002,2024-05-08,09:12,18:12,On-site,Present,Mumbai,DVC7359,192.168.1.89,1.41,0.37,General
E002,2024-05-09,09:03,18:03,On-site,Present,Mumbai,DVC9345,192.168.1.236,0.7,0.83,General
E002,2024-05-10,09:13,17:13,On-site,Present,Mumbai,DVC2817,192.168.1.138,1.49,1.03,Flexible
E002,2024-05-13,09:05,18:05,Remote,Present,Mumbai,DVC5434,192.168.1.239,1.37,1.61,General
E002,2024-05-14,09:03,18:03,Remote,Present,Mumbai,DVC6841,192.168.1.40,0.73,1.37,General
E002,2024-05-15,09:00,18:00,On-site,Present,Mumbai,DVC6308,192.168.1.62,0.82,0.23,Night
E002,2024-05-16,09:00,17:00,On-site,Present,Mumbai,DVC7697,192.168.1.139,0.67,0.14,General
E002,2024-05-17,09:07,19:07,Remote,Present,Mumbai,DVC7321,192.168.1.190,0.56,1.92,Night
E002,2024-05-20,09:00,17:00,Remote,Present,Mumbai,DVC7269,192.168.1.103,1.18,0.15,General
E002,2024-05-21,09:07,18:07,On-site,Present,Mumbai,DVC8675,192.168.1.6,1.16,1.62,Flexible
E002,2024-05-22,09:06,18:06,On-site,Present,Mumbai,DVC1136,192.168.1.114,0.92,0.45,Night
E002,2024-05-23,09:09,19:09,Remote,Present,Mumbai,DVC9894,192.168.1.96,0.66,1.19,General
E002,2024-05-24,09:00,19:00,On-site,Present,Mumbai,DVC9475,192.168.1.91,1.22,0.92,Night
E002,2024-05-27,09:13,19:13,Remote,Present,Mumbai,DVC3127,192.168.1.17,1.44,1.58,General
E002,2024-05-28,09:04,18:04,On-site,Present,Mumbai,DVC3333,192.168.1.45,0.73,0.86,Flexible
E002,2024-05-29,09:02,17:02,On-site,Present,Mumbai,DVC6209,192.168.1.251,0.69,1.03,Night
E002,2024-05-30,09:08,19:08,On-site,Present,Mumbai,DVC3746,192.168.1.218,1.07,1.24,General
E002,2024-05-31,09:06,19:06,Remote,Present,Mumbai,DVC1539,192.168.1.156,0.78,1.07,Night
E002,2024-06-03,09:07,19:07,On-site,Present,Mumbai,DVC2194,192.168.1.82,1.17,1.0,General
E002,2024-06-04,09:14,19:14,On-site,Present,Mumbai,DVC8411,192.168.1.42,1.14,0.73,Night
E002,2024-06-05,09:13,18:13,Remote,Present,Mumbai,DVC4000,192.168.1.174,1.43,0.82,Flexible
E002,2024-06-06,09:09,19:09,On-site,Present,Mumbai,DVC1858,192.168.1.209,1.48,0.3,Night
E002,2024-06-07,09:07,18:07,On-site,Present,Mumbai,DVC8978,192.168.1.174,1.32,0.58,General
E002,2024-06-10,09:01,18:01,Remote,Present,Mumbai,DVC4160,192.168.1.66,0.74,1.5,Flexible
E002,2024-06-11,09:00,18:00,On-site,Present,Mumbai,DVC9148,192.168.1.36,1.49,0.86,Night
E002,2024-06-12,09:04,19:04,On-site,Present,Mumbai,DVC7858,192.168.1.93,1.39,0.6,General
E002,2024-06-13,09:11,17:11,Remote,Present,Mumbai,DVC1778,192.168.1.97,1.13,0.07,Night
E002,2024-06-14,09:05,19:05,On-site,Present,Mumbai,DVC8813,192.168.1.177,1.5,0.14,Night
E002,2024-06-17,09:15,18:15,On-site,Present,Mumbai,DVC2821,192.168.1.239,0.57,1.62,Flexible
E002,2024-06-18,09:11,18:11,Remote,Present,Mumbai,DVC5913,192.168.1.158,0.66,1.87,General
E002,2024-06-19,09:02,19:02,On-site,Present,Mumbai,DVC1081,192.168.1.192,1.46,0.62,Night
E002,2024-06-20,09:10,19:10,On-site,Present,Mumbai,DVC7482,192.168.1.78,0.91,0.88,General
E002,2024-06-21,09:09,17:09,Remote,Present,Mumbai,DVC3392,192.168.1.96,0.89,1.12,Flexible
E002,2024-06-24,09:00,17:00,Remote,Present,Mumbai,DVC7069,192.168.1.177,0.97,1.85,Flexible
E002,2024-06-25,09:07,17:07,On-site,Present,Mumbai,DVC1552,192.168.1.148,1.35,1.48,General
E002,2024-06-26,09:10,18:10,On-site,Present,Mumbai,DVC7220,192.168.1.79,1.02,1.2,Flexible
E002,2024-06-27,09:07,18:07,Remote,Present,Mumbai,DVC5100,192.168.1.77,1.26,0.59,Night
E002,2024-06-28,09:02,19:02,Remote,Present,Mumbai,DVC8494,192.168.1.20,1.45,1.6,Night
E003,2024-01-01,09:03,19:03,On-site,Present,Mumbai,DVC8711,192.168.1.215,1.45,0.25,Night
E003,2024-01-02,09:14,18:14,Remote,Present,Mumbai,DVC5373,192.168.1.96,1.26,1.25,Night
E003,2024-01-03,09:11,17:11,On-site,Present,Mumbai,DVC8125,192.168.1.5,1.41,1.97,Flexible
E003,2024-01-04,09:12,17:12,Remote,Present,Mumbai,DVC4667,192.168.1.150,0.85,1.36,Flexible
E003,2024-01-05,09:01,17:01,Remote,Present,Mumbai,DVC7623,192.168.1.251,0.62,0.03,General
E003,2024-01-08,09:03,17:03,Remote,Present,Mumbai,DVC3335,192.168.1.225,1.06,0.83,Night
E003,2024-01-09,09:10,19:10,Remote,Present,Mumbai,DVC5279,192.168.1.17,1.07,0.54,Flexible
E003,2024-01-10,09:02,19:02,On-site,Present,Mumbai,DVC3293,192.168.1.42,1.04,1.54,Night
E003,2024-01-11,09:02,18:02,Remote,Present,Mumbai,DVC8968,192.168.1.116,1.39,0.65,Flexible
E003,2024-01-12,09:14,18:14,Remote,Present,Mumbai,DVC2019,192.168.1.140,0.71,0.15,Night
E003,2024-01-15,09:00,19:00,Remote,Present,Mumbai,DVC1785,192.168.1.242,0.88,0.18,Flexible
E003,2024-01-16,09:13,17:13,On-site,Present,Mumbai,DVC5952,192.168.1.79,1.29,1.56,Night
E003,2024-01-17,09:03,18:03,Remote,Present,Mumbai,DVC3622,192.168.1.110,1.03,1.11,Flexible
E003,2024-01-18,09:15,19:15,On-site,Present,Mumbai,DVC6138,192.168.1.219,0.64,1.6,Flexible
E003,2024-01-19,09:13,18:13,Remote,Present,Mumbai,DVC5911,192.168.1.73,0.79,1.51,Night
E003,2024-01-22,09:08,19:08,Remote,Present,Mumbai,DVC7802,192.168.1.165,1.48,0.03,General
E003,2024-01-23,09:00,19:00,Remote,Present,Mumbai,DVC3564,192.168.1.58,1.5,0.19,Flexible
E003,2024-01-24,09:05,17:05,Remote,Present,Mumbai,DVC6503,192.168.1.8,1.09,1.0,Night
E003,2024-01-25,09:02,17:02,On-site,Present,Mumbai,DVC7994,192.168.1.114,1.26,1.6,General
E003,2024-01-26,09:12,18:12,Remote,Present,Mumbai,DVC4992,192.168.1.158,1.18,0.45,Flexible
E003,2024-01-29,09:08,18:08,On-site,Present,Mumbai,DVC6340,192.168.1.28,0.77,1.9,Night
E003,2024-01-30,09:01,18:01,On-site,Present,Mumbai,DVC6748,192.168.1.50,0.82,1.46,Night
E003,2024-01-31,09:14,17:14,On-site,Present,Mumbai,DVC3193,192.168.1.54,0.64,1.56,Flexible
E003,2024-02-01,09:11,18:11,On-site,Present,Mumbai,DVC7675,192.168.1.10,1.46,0.56,General
E003,2024-02-02,09:07,18:07,Remote,Present,Mumbai,DVC6418,192.168.1.222,1.31,1.65,General
E003,2024-02-05,09:13,19:13,Remote,Present,Mumbai,DVC7626,192.168.1.219,1.08,1.18,Flexible
E003,2024-02-06,09:04,19:04,Remote,Present,Mumbai,DVC7990,192.168.1.146,1.08,1.59,General
E003,2024-02-07,09:05,17:05,On-site,Present,Mumbai,DVC2261,192.168.1.53,1.12,0.25,General
E003,2024-02-08,09:10,18:10,Remote,Present,Mumbai,DVC2967,192.168.1.11,1.16,1.94,Night
E003,2024-02-09,09:04,18:04,On-site,Present,Mumbai,DVC1233,192.168.1.230,0.84,1.23,Flexible
E003,2024-02-12,09:14,18:14,Remote,Present,Mumbai,DVC9738,192.168.1.130,1.41,0.01,General
E003,2024-02-13,09:12,18:12,Remote,Present,Mumbai,DVC7774,192.168.1.170,0.67,1.99,Night
E003,2024-02-14,09:14,18:14,On-site,Present,Mumbai,DVC6273,192.168.1.164,0.52,0.56,Night
E003,2024-02-15,09:08,19:08,Remote,Present,Mumbai,DVC8674,192.168.1.159,1.21,1.01,Night
E003,2024-02-16,09:01,18:01,Remote,Present,Mumbai,DVC5213,192.168.1.196,0.55,1.42,General
E003,2024-02-19,09:03,17:03,Remote,Present,Mumbai,DVC8215,192.168.1.91,1.36,1.17,General
E003,2024-02-20,09:01,17:01,Remote,Present,Mumbai,DVC2662,192.168.1.208,1.3,0.73,Night
E003,2024-02-21,09:11,18:11,On-site,Present,Mumbai,DVC9387,192.168.1.203,0.92,0.39,Night
E003,2024-02-22,09:00,19:00,Remote,Present,Mumbai,DVC4304,192.168.1.18,1.29,0.3,Flexible
E003,2024-02-23,09:06,19:06,Remote,Present,Mumbai,DVC8629,192.168.1.82,1.16,1.92,Night
E003,2024-02-26,09:15,17:15,Remote,Present,Mumbai,DVC5100,192.168.1.70,0.58,0.52,Flexible
E003,2024-02-27,09:02,17:02,Remote,Present,Mumbai,DVC2648,192.168.1.24,0.68,0.81,Night
E003,2024-02-28,09:12,17:12,Remote,Present,Mumbai,DVC9515,192.168.1.186,0.87,0.43,General
E003,2024-02-29,09:02,18:02,Remote,Present,Mumbai,DVC3078,192.168.1.10,0.92,1.01,Night
E003,2024-03-01,09:13,18:13,Remote,Present,Mumbai,DVC1560,192.168.1.123,0.86,1.45,General
E003,2024-03-04,09:04,18:04,Remote,Present,Mumbai,DVC8090,192.168.1.121,1.28,0.09,Flexible
E003,2024-03-05,09:02,17:02,On-site,Present,Mumbai,DVC2148,192.168.1.91,1.24,1.84,Night
E003,2024-03-06,09:15,17:15,On-site,Present,Mumbai,DVC6094,192.168.1.109,0.72,0.21,General
E003,2024-03-07,09:05,18:05,Remote,Present,Mumbai,DVC3663,192.168.1.111,1.48,1.84,Flexible
E003,2024-03-08,09:03,18:03,Remote,Present,Mumbai,DVC9695,192.168.1.234,1.49,1.72,General
E003,2024-03-11,09:00,19:00,On-site,Present,Mumbai,DVC3347,192.168.1.236,0.67,0.13,Flexible
E003,2024-03-12,09:11,19:11,On-site,Present,Mumbai,DVC2022,192.168.1.141,0.7,1.13,General
E003,2024-03-13,09:15,18:15,Remote,Present,Mumbai,DVC5067,192.168.1.109,1.47,0.44,Night
E003,2024-03-14,09:13,19:13,Remote,Present,Mumbai,DVC4794,192.168.1.230,1.0,0.71,Night
E003,2024-03-15,09:05,19:05,On-site,Present,Mumbai,DVC9497,192.168.1.58,0.66,1.42,Night
E003,2024-03-18,09:03,17:03,On-site,Present,Mumbai,DVC4525,192.168.1.111,1.34,0.29,Night
E003,2024-03-19,09:13,19:13,Remote,Present,Mumbai,DVC3109,192.168.1.99,0.98,1.76,Flexible
E003,2024-03-20,09:05,17:05,Remote,Present,Mumbai,DVC8764,192.168.1.186,1.42,0.3,Flexible
E003,2024-03-21,09:09,18:09,Remote,Present,Mumbai,DVC3972,192.168.1.248,1.29,0.44,Night
E003,2024-03-22,09:01,18:01,Remote,Present,Mumbai,DVC9557,192.168.1.82,0.96,0.9,Night
E003,2024-03-25,09:06,19:06,On-site,Present,Mumbai,DVC9792,192.168.1.25,1.16,0.32,General
E003,2024-03-26,09:01,17:01,On-site,Present,Mumbai,DVC5478,192.168.1.229,1.12,0.04,General
E003,2024-03-27,09:14,19:14,On-site,Present,Mumbai,DVC1499,192.168.1.61,1.33,0.05,General
E003,2024-03-28,09:00,19:00,Remote,Present,Mumbai,DVC3950,192.168.1.40,1.37,0.07,Night
E003,2024-03-29,09:08,17:08,Remote,Present,Mumbai,DVC3212,192.168.1.167,0.53,0.15,Flexible
E003,2024-04-01,09:15,17:15,On-site,Present,Mumbai,DVC5337,192.168.1.91,1.24,1.04,Night
E003,2024-04-02,09:05,17:05,On-site,Present,Mumbai,DVC4134,192.168.1.30,1.04,1.67,Night
E003,2024-04-03,09:01,17:01,Remote,Present,Mumbai,DVC6157,192.168.1.200,1.18,0.91,Flexible
E003,2024-04-04,09:05,19:05,On-site,Present,Mumbai,DVC7139,192.168.1.141,1.25,0.73,General
E003,2024-04-05,09:08,17:08,On-site,Present,Mumbai,DVC5164,192.168.1.164,0.98,1.7,Night
E003,2024-04-08,09:05,19:05,On-site,Present,Mumbai,DVC9085,192.168.1.43,0.65,0.79,General
E003,2024-04-09,09:00,18:00,On-site,Present,Mumbai,DVC8542,192.168.1.213,0.61,0.84,General
E003,2024-04-10,09:02,17:02,Remote,Present,Mumbai,DVC9289,192.168.1.164,1.43,0.03,General
E003,2024-04-11,09:15,19:15,On-site,Present,Mumbai,DVC2529,192.168.1.71,1.27,1.77,General
E003,2024-04-12,09:11,17:11,On-site,Present,Mumbai,DVC5316,192.168.1.49,1.06,0.78,Night
E003,2024-04-15,09:04,18:04,Remote,Present,Mumbai,DVC4944,192.168.1.192,1.05,0.5,Night
E003,2024-04-16,09:12,18:12,Remote,Present,Mumbai,DVC4374,192.168.1.25,0.87,1.62,Flexible
E003,2024-04-17,09:15,17:15,Remote,Present,Mumbai,DVC7396,192.168.1.175,0.58,0.41,General
E003,2024-04-18,09:06,17:06,Remote,Present,Mumbai,DVC2060,192.168.1.54,1.12,0.06,General
E003,2024-04-19,09:05,18:05,Remote,Present,Mumbai,DVC9618,192.168.1.58,1.49,0.54,Flexible
E003,2024-04-22,09:01,19:01,Remote,Present,Mumbai,DVC3537,192.168.1.74,1.36,1.27,General
E003,2024-04-23,09:12,17:12,On-site,Present,Mumbai,DVC1511,192.168.1.218,1.05,1.14,Night
E003,2024-04-24,09:14,18:14,Remote,Present,Mumbai,DVC9283,192.168.1.220,1.41,0.95,Night
E003,2024-04-25,09:02,19:02,Remote,Present,Mumbai,DVC9050,192.168.1.227,0.84,1.92,Night
E003,2024-04-26,09:14,18:14,Remote,Present,Mumbai,DVC8725,192.168.1.29,0.66,0.65,Night
E003,2024-04-29,09:09,19:09,Remote,Present,Mumbai,DVC8520,192.168.1.98,0.72,0.06,Night
E003,2024-04-30,09:07,17:07,On-site,Present,Mumbai,DVC6260,192.168.1.57,0.52,1.37,General
E003,2024-05-01,09:12,18:12,Remote,Present,Mumbai,DVC8230,192.168.1.168,0.6,1.91,Night
E003,2024-05-02,09:05,17:05,Remote,Present,Mumbai,DVC6724,192.168.1.155,0.58,1.49,Night
E003,2024-05-03,09:04,17:04,Remote,Present,Mumbai,DVC2466,192.168.1.82,1.39,1.01,General
E003,2024-05-06,09:15,18:15,Remote,Present,Mumbai,DVC9717,192.168.1.182,1.14,0.27,Flexible
E003,2024-05-07,09:03,19:03,On-site,Present,Mumbai,DVC5256,192.168.1.143,0.92,0.57,Night
E003,2024-05-08,09:07,18:07,On-site,Present,Mumbai,DVC4578,192.168.1.4,0.59,1.87,Night
E003,2024-05-09,09:00,19:00,On-site,Present,Mumbai,DVC2607,192.168.1.72,0.86,0.58,Flexible
E003,2024-05-10,09:15,17:15,On-site,Present,Mumbai,DVC2284,192.168.1.168,0.55,1.92,Night
E003,2024-05-13,09:11,17:11,Remote,Present,Mumbai,DVC2056,192.168.1.246,0.98,0.36,Flexible
E003,2024-05-14,09:09,18:09,Remote,Present,Mumbai,DVC2206,192.168.1.229,0.96,0.1,Flexible
E003,2024-05-15,09:11,18:11,Remote,Present,Mumbai,DVC8399,192.168.1.133,1.13,1.95,Night
E003,2024-05-16,09:05,19:05,On-site,Present,Mumbai,DVC8172,192.168.1.122,1.18,1.37,Flexible
E003,2024-05-17,09:02,19:02,Remote,Present,Mumbai,DVC9652,192.168.1.192,0.9,1.11,Flexible
E003,2024-05-20,09:11,17:11,Remote,Present,Mumbai,DVC6468,192.168.1.111,1.08,1.8,Flexible
E003,2024-05-21,09:11,17:11,On-site,Present,Mumbai,DVC3334,192.168.1.135,0.72,1.05,General
E003,2024-05-22,09:06,19:06,On-site,Present,Mumbai,DVC6142,192.168.1.104,0.89,0.74,Night
E003,2024-05-23,09:04,17:04,Remote,Present,Mumbai,DVC8574,192.168.1.176,1.07,1.8,Flexible
E003,2024-05-24,09:14,18:14,On-site,Present,Mumbai,DVC7159,192.168.1.200,0.58,0.92,General
E003,2024-05-27,09:00,17:00,Remote,Present,Mumbai,DVC1016,192.168.1.243,1.18,0.28,Flexible
E003,2024-05-28,09:15,19:15,Remote,Present,Mumbai,DVC3867,192.168.1.81,0.56,0.55,General
E003,2024-05-29,09:10,17:10,Remote,Present,Mumbai,DVC4830,192.168.1.5,0.61,0.46,Flexible
E003,2024-05-30,09:03,19:03,On-site,Present,Mumbai,DVC6712,192.168.1.151,1.42,0.13,Flexible
E003,2024-05-31,09:15,17:15,Remote,Present,Mumbai,DVC3127,192.168.1.80,1.04,1.15,Night
E003,2024-06-03,09:13,19:13,On-site,Present,Mumbai,DVC9011,192.168.1.108,0.83,0.75,General
E003,2024-06-04,09:09,18:09,On-site,Present,Mumbai,DVC2480,192.168.1.76,0.65,1.76,General
E003,2024-06-05,09:05,19:05,Remote,Present,Mumbai,DVC1636,192.168.1.187,1.23,1.94,General
E003,2024-06-06,09:15,17:15,Remote,Present,Mumbai,DVC2094,192.168.1.135,0.51,0.15,General
E003,2024-06-07,09:02,18:02,Remote,Present,Mumbai,DVC2188,192.168.1.21,0.6,0.5,General
E003,2024-06-10,09:10,19:10,On-site,Present,Mumbai,DVC1050,192.168.1.189,1.21,1.18,Night
E003,2024-06-11,09:04,19:04,Remote,Present,Mumbai,DVC8421,192.168.1.172,0.57,0.11,Flexible
E003,2024-06-12,09:06,17:06,On-site,Present,Mumbai,DVC3337,192.168.1.14,0.84,1.19,Flexible
E003,2024-06-13,09:13,18:13,Remote,Present,Mumbai,DVC6066,192.168.1.43,0.73,0.8,Flexible
E003,2024-06-14,09:03,18:03,On-site,Present,Mumbai,DVC8237,192.168.1.23,0.54,0.79,General
E003,2024-06-17,09:06,18:06,On-site,Present,Mumbai,DVC2942,192.168.1.73,1.17,1.05,Night
E003,2024-06-18,09:12,19:12,On-site,Present,Mumbai,DVC2496,192.168.1.47,1.31,0.73,Night
E003,2024-06-19,09:03,19:03,On-site,Present,Mumbai,DVC4814,192.168.1.104,1.35,0.26,Night
E003,2024-06-20,09:10,18:10,On-site,Present,Mumbai,DVC4834,192.168.1.46,0.8,1.43,Flexible
E003,2024-06-21,09:14,17:14,Remote,Present,Mumbai,DVC1781,192.168.1.24,0.74,1.41,General
E003,2024-06-24,09:11,17:11,Remote,Present,Mumbai,DVC8234,192.168.1.251,1.04,1.16,General
E003,2024-06-25,09:04,19:04,Remote,Present,Mumbai,DVC8682,192.168.1.244,1.16,0.59,Night
E003,2024-06-26,09:08,17:08,On-site,Present,Mumbai,DVC1933,192.168.1.128,0.67,1.7,Flexible
E003,2024-06-27,09:08,19:08,On-site,Present,Mumbai,DVC7049,192.168.1.6,0.98,1.97,General
E003,2024-06-28,09:03,19:03,On-site,Present,Mumbai,DVC7952,192.168.1.103,1.12,1.95,Night
E004,2024-01-01,09:09,18:09,On-site,Absent,Delhi,DVC4246,192.168.1.21,0.79,1.38,General
E004,2024-01-02,09:09,19:09,Remote,Absent,Delhi,DVC4573,192.168.1.69,1.08,0.48,Flexible
E004,2024-01-03,09:05,18:05,On-site,Present,Delhi,DVC9692,192.168.1.198,1.25,0.59,Night
E004,2024-01-04,09:03,19:03,On-site,Present,Delhi,DVC5673,192.168.1.219,0.86,0.74,General
E004,2024-01-05,09:12,19:12,Remote,Absent,Delhi,DVC7822,192.168.1.253,0.7,1.89,Flexible
E004,2024-01-08,09:11,18:11,On-site,Present,Delhi,DVC5358,192.168.1.160,1.08,1.26,Flexible
E004,2024-01-09,09:04,18:04,Remote,Present,Delhi,DVC1616,192.168.1.245,0.69,0.01,General
E004,2024-01-10,09:01,19:01,On-site,Present,Delhi,DVC2065,192.168.1.18,1.44,1.62,Night
E004,2024-01-11,09:01,19:01,On-site,Absent,Delhi,DVC4722,192.168.1.227,0.94,0.19,General
E004,2024-01-12,09:06,18:06,Remote,Absent,Delhi,DVC5274,192.168.1.10,1.46,0.35,General
E004,2024-01-15,09:07,19:07,On-site,Absent,Delhi,DVC2426,192.168.1.205,0.56,0.84,Flexible
E004,2024-01-16,09:10,19:10,On-site,Present,Delhi,DVC1826,192.168.1.203,1.17,1.08,General
E004,2024-01-17,09:00,17:00,On-site,Present,Delhi,DVC6541,192.168.1.22,0.64,1.76,Flexible
E004,2024-01-18,09:07,19:07,On-site,Present,Delhi,DVC5380,192.168.1.89,1.39,1.57,Night
E004,2024-01-19,09:02,17:02,Remote,Absent,Delhi,DVC3839,192.168.1.88,1.04,0.42,Flexible
E004,2024-01-22,09:06,17:06,On-site,Present,Delhi,DVC4850,192.168.1.61,1.41,1.95,Flexible
E004,2024-01-23,09:08,17:08,Remote,Absent,Delhi,DVC4663,192.168.1.239,0.68,0.4,Flexible
E004,2024-01-24,09:11,18:11,On-site,Absent,Delhi,DVC2658,192.168.1.85,1.46,0.13,Flexible
E004,2024-01-25,09:07,19:07,On-site,Present,Delhi,DVC6309,192.168.1.250,0.79,1.32,Night
E004,2024-01-26,09:10,19:10,On-site,Absent,Delhi,DVC9349,192.168.1.202,1.35,0.79,General
E004,2024-01-29,09:03,19:03,Remote,Present,Delhi,DVC3506,192.168.1.23,0.77,1.57,General
E004,2024-01-30,09:01,17:01,Remote,Absent,Delhi,DVC9483,192.168.1.87,0.89,0.57,General
E004,2024-01-31,09:04,17:04,On-site,Present,Delhi,DVC6644,192.168.1.40,1.42,1.04,Flexible
E004,2024-02-01,09:11,19:11,Remote,Absent,Delhi,DVC7598,192.168.1.168,0.56,1.33,General
E004,2024-02-02,09:07,19:07,Remote,Absent,Delhi,DVC1730,192.168.1.7,0.63,0.75,Flexible
E004,2024-02-05,09:12,17:12,Remote,Present,Delhi,DVC1220,192.168.1.35,1.01,1.32,General
E004,2024-02-06,09:14,19:14,On-site,Absent,Delhi,DVC9667,192.168.1.232,0.99,1.1,General
E004,2024-02-07,09:06,19:06,On-site,Present,Delhi,DVC3513,192.168.1.195,1.22,0.64,General
E004,2024-02-08,09:00,17:00,Remote,Present,Delhi,DVC1558,192.168.1.87,1.38,0.75,General
E004,2024-02-09,09:11,19:11,Remote,Present,Delhi,DVC8748,192.168.1.83,0.63,0.99,Flexible
E004,2024-02-12,09:09,19:09,On-site,Present,Delhi,DVC6917,192.168.1.26,1.03,1.88,Night
E004,2024-02-13,09:14,17:14,Remote,Absent,Delhi,DVC4720,192.168.1.158,1.3,1.73,General
E004,2024-02-14,09:08,17:08,Remote,Absent,Delhi,DVC6479,192.168.1.119,0.79,1.82,General
E004,2024-02-15,09:15,18:15,Remote,Present,Delhi,DVC4049,192.168.1.29,1.05,0.94,General
E004,2024-02-16,09:00,18:00,On-site,Present,Delhi,DVC4231,192.168.1.45,0.59,0.61,General
E004,2024-02-19,09:13,18:13,Remote,Present,Delhi,DVC6210,192.168.1.138,1.23,1.74,Night
E004,2024-02-20,09:11,19:11,Remote,Present,Delhi,DVC9343,192.168.1.159,0.9,0.31,Flexible
E004,2024-02-21,09:01,19:01,On-site,Present,Delhi,DVC5137,192.168.1.212,1.43,1.49,General
E004,2024-02-22,09:10,17:10,On-site,Present,Delhi,DVC1068,192.168.1.156,1.3,0.27,General
E004,2024-02-23,09:14,17:14,Remote,Absent,Delhi,DVC7783,192.168.1.177,1.47,1.6,General
E004,2024-02-26,09:11,19:11,On-site,Absent,Delhi,DVC3355,192.168.1.95,0.86,0.32,General
E004,2024-02-27,09:09,19:09,Remote,Absent,Delhi,DVC1493,192.168.1.91,1.2,1.08,Night
E004,2024-02-28,09:13,17:13,On-site,Present,Delhi,DVC8483,192.168.1.15,0.79,0.17,General
E004,2024-02-29,09:03,18:03,Remote,Present,Delhi,DVC3714,192.168.1.120,0.85,0.79,Flexible
E004,2024-03-01,09:06,18:06,Remote,Present,Delhi,DVC6684,192.168.1.46,0.8,1.86,General
E004,2024-03-04,09:11,18:11,On-site,Present,Delhi,DVC7431,192.168.1.63,1.02,1.98,Flexible
E004,2024-03-05,09:07,18:07,Remote,Present,Delhi,DVC5648,192.168.1.58,0.92,1.4,Night
E004,2024-03-06,09:06,18:06,Remote,Present,Delhi,DVC3500,192.168.1.109,0.88,1.48,General
E004,2024-03-07,09:12,17:12,Remote,Absent,Delhi,DVC2913,192.168.1.84,1.24,0.7,Flexible
E004,2024-03-08,09:07,17:07,Remote,Absent,Delhi,DVC9137,192.168.1.225,1.29,0.24,Flexible
E004,2024-03-11,09:03,19:03,Remote,Present,Delhi,DVC9736,192.168.1.73,1.43,0.48,General
E004,2024-03-12,09:10,19:10,Remote,Absent,Delhi,DVC6263,192.168.1.170,0.88,0.1,General
E004,2024-03-13,09:00,18:00,On-site,Present,Delhi,DVC3197,192.168.1.237,1.16,1.98,Flexible
E004,2024-03-14,09:14,18:14,On-site,Present,Delhi,DVC3363,192.168.1.101,1.31,1.9,General
E004,2024-03-15,09:12,18:12,On-site,Present,Delhi,DVC3853,192.168.1.138,0.57,0.93,Flexible
E004,2024-03-18,09:12,19:12,On-site,Present,Delhi,DVC3775,192.168.1.33,0.91,0.59,Night
E004,2024-03-19,09:01,18:01,Remote,Absent,Delhi,DVC3028,192.168.1.236,0.89,1.56,General
E004,2024-03-20,09:04,19:04,Remote,Present,Delhi,DVC7353,192.168.1.164,1.43,1.97,General
E004,2024-03-21,09:06,19:06,On-site,Present,Delhi,DVC2314,192.168.1.246,1.38,1.99,General
E004,2024-03-22,09:04,19:04,Remote,Present,Delhi,DVC9116,192.168.1.225,0.52,1.43,Flexible
E004,2024-03-25,09:09,17:09,Remote,Absent,Delhi,DVC1240,192.168.1.38,1.15,1.6,Flexible
E004,2024-03-26,09:13,18:13,Remote,Absent,Delhi,DVC6475,192.168.1.185,1.11,1.74,Flexible
E004,2024-03-27,09:12,17:12,On-site,Present,Delhi,DVC5698,192.168.1.36,0.64,0.32,Night
E004,2024-03-28,09:06,17:06,Remote,Absent,Delhi,DVC6856,192.168.1.230,0.94,0.22,Night
E004,2024-03-29,09:08,18:08,Remote,Present,Delhi,DVC4216,192.168.1.205,0.91,0.34,General
E004,2024-04-01,09:09,18:09,Remote,Absent,Delhi,DVC9655,192.168.1.164,1.46,1.34,Night
E004,2024-04-02,09:00,17:00,Remote,Absent,Delhi,DVC7039,192.168.1.34,1.12,1.75,Flexible
E004,2024-04-03,09:02,18:02,Remote,Present,Delhi,DVC8857,192.168.1.241,1.06,0.29,Flexible
E004,2024-04-04,09:14,18:14,Remote,Absent,Delhi,DVC2003,192.168.1.28,0.63,1.56,Night
E004,2024-04-05,09:02,19:02,Remote,Present,Delhi,DVC6932,192.168.1.45,0.74,1.51,Flexible
E004,2024-04-08,09:02,19:02,Remote,Absent,Delhi,DVC6678,192.168.1.88,1.05,1.39,Night
E004,2024-04-09,09:02,18:02,On-site,Present,Delhi,DVC9354,192.168.1.101,1.45,1.07,Flexible
E004,2024-04-10,09:12,19:12,Remote,Present,Delhi,DVC5769,192.168.1.135,0.95,0.37,Flexible
E004,2024-04-11,09:08,18:08,Remote,Present,Delhi,DVC7637,192.168.1.78,0.91,0.07,General
E004,2024-04-12,09:06,18:06,On-site,Absent,Delhi,DVC9222,192.168.1.93,1.12,0.29,General
E004,2024-04-15,09:09,19:09,On-site,Present,Delhi,DVC4761,192.168.1.60,1.37,1.21,General
E004,2024-04-16,09:03,18:03,On-site,Present,Delhi,DVC2595,192.168.1.44,1.03,0.65,General
E004,2024-04-17,09:06,19:06,On-site,Absent,Delhi,DVC4785,192.168.1.249,0.95,1.06,Night
E004,2024-04-18,09:03,17:03,On-site,Present,Delhi,DVC4084,192.168.1.121,1.44,0.55,General
E004,2024-04-19,09:00,19:00,Remote,Absent,Delhi,DVC1757,192.168.1.56,0.77,1.66,Night
E004,2024-04-22,09:10,19:10,On-site,Present,Delhi,DVC5354,192.168.1.122,0.97,0.17,General
E004,2024-04-23,09:05,17:05,On-site,Present,Delhi,DVC1529,192.168.1.8,1.04,1.57,Flexible
E004,2024-04-24,09:10,19:10,On-site,Present,Delhi,DVC5910,192.168.1.82,1.45,1.2,General
E004,2024-04-25,09:10,17:10,Remote,Absent,Delhi,DVC7385,192.168.1.28,0.93,0.2,Night
E004,2024-04-26,09:03,17:03,Remote,Present,Delhi,DVC4607,192.168.1.29,1.1,0.32,Night
E004,2024-04-29,09:04,18:04,On-site,Absent,Delhi,DVC3027,192.168.1.40,0.68,0.94,Night
E004,2024-04-30,09:14,18:14,On-site,Absent,Delhi,DVC5446,192.168.1.165,1.21,1.0,Flexible
E004,2024-05-01,09:07,18:07,Remote,Absent,Delhi,DVC6461,192.168.1.154,0.73,1.12,Flexible
E004,2024-05-02,09:03,17:03,Remote,Present,Delhi,DVC7984,192.168.1.68,0.95,1.11,General
E004,2024-05-03,09:07,19:07,Remote,Absent,Delhi,DVC3551,192.168.1.51,1.41,1.42,General
E004,2024-05-06,09:12,19:12,On-site,Present,Delhi,DVC7210,192.168.1.16,1.32,1.16,Flexible
E004,2024-05-07,09:04,17:04,Remote,Absent,Delhi,DVC7177,192.168.1.38,1.24,1.56,Flexible
E004,2024-05-08,09:03,18:03,On-site,Absent,Delhi,DVC6940,192.168.1.42,1.32,0.91,General
E004,2024-05-09,09:07,17:07,On-site,Present,Delhi,DVC4836,192.168.1.141,1.08,0.03,Flexible
E004,2024-05-10,09:01,18:01,On-site,Present,Delhi,DVC8178,192.168.1.182,0.87,1.77,Flexible
E004,2024-05-13,09:06,17:06,Remote,Present,Delhi,DVC4143,192.168.1.188,0.74,0.13,Night
E004,2024-05-14,09:03,19:03,On-site,Present,Delhi,DVC6008,192.168.1.133,1.04,1.29,Night
E004,2024-05-15,09:15,19:15,On-site,Present,Delhi,DVC5592,192.168.1.231,1.25,1.39,Night
E004,2024-05-16,09:06,19:06,Remote,Present,Delhi,DVC4806,192.168.1.223,1.15,1.85,Night
E004,2024-05-17,09:15,17:15,On-site,Absent,Delhi,DVC3365,192.168.1.98,0.8,0.81,Flexible
E004,2024-05-20,09:05,17:05,On-site,Present,Delhi,DVC3534,192.168.1.99,1.17,0.18,Night
E004,2024-05-21,09:03,19:03,On-site,Absent,Delhi,DVC3426,192.168.1.31,0.55,0.49,Night
E004,2024-05-22,09:11,17:11,On-site,Present,Delhi,DVC9619,192.168.1.160,0.87,0.29,General
E004,2024-05-23,09:01,18:01,Remote,Absent,Delhi,DVC1595,192.168.1.52,0.85,0.3,General
E004,2024-05-24,09:07,17:07,On-site,Present,Delhi,DVC2930,192.168.1.110,1.26,0.87,Flexible
E004,2024-05-27,09:02,19:02,Remote,Present,Delhi,DVC4988,192.168.1.47,0.7,0.72,Flexible
E004,2024-05-28,09:06,19:06,Remote,Present,Delhi,DVC9923,192.168.1.210,1.46,1.4,Flexible
E004,2024-05-29,09:04,19:04,Remote,Present,Delhi,DVC7642,192.168.1.149,0.81,1.82,Night
E004,2024-05-30,09:05,17:05,On-site,Present,Delhi,DVC2260,192.168.1.179,1.23,1.57,Flexible
E004,2024-05-31,09:12,18:12,Remote,Present,Delhi,DVC1807,192.168.1.49,1.25,1.17,Night
E004,2024-06-03,09:02,17:02,Remote,Present,Delhi,DVC9201,192.168.1.124,1.22,0.46,Night
E004,2024-06-04,09:10,18:10,Remote,Present,Delhi,DVC4995,192.168.1.30,1.39,1.8,Flexible
E004,2024-06-05,09:11,19:11,On-site,Absent,Delhi,DVC3562,192.168.1.238,1.49,0.96,Flexible
E004,2024-06-06,09:13,19:13,On-site,Absent,Delhi,DVC7088,192.168.1.22,0.95,1.05,Night
E004,2024-06-07,09:12,18:12,Remote,Absent,Delhi,DVC5879,192.168.1.91,0.77,1.81,Night
E004,2024-06-10,09:12,17:12,On-site,Absent,Delhi,DVC4956,192.168.1.207,0.74,0.63,Flexible
E004,2024-06-11,09:03,19:03,Remote,Absent,Delhi,DVC6732,192.168.1.159,1.3,1.14,Flexible
E004,2024-06-12,09:14,18:14,On-site,Present,Delhi,DVC6769,192.168.1.183,1.02,1.18,Night
E004,2024-06-13,09:08,18:08,Remote,Present,Delhi,DVC5682,192.168.1.59,0.71,1.94,Night
E004,2024-06-14,09:02,19:02,On-site,Absent,Delhi,DVC2073,192.168.1.190,0.98,1.18,Night
E004,2024-06-17,09:07,18:07,On-site,Present,Delhi,DVC5944,192.168.1.193,0.73,1.34,Night
E004,2024-06-18,09:15,19:15,Remote,Present,Delhi,DVC7731,192.168.1.20,1.25,1.33,General
E004,2024-06-19,09:07,18:07,Remote,Present,Delhi,DVC5553,192.168.1.58,0.76,0.5,General
E004,2024-06-20,09:09,18:09,On-site,Present,Delhi,DVC2120,192.168.1.150,1.23,1.71,Flexible
E004,2024-06-21,09:09,17:09,On-site,Absent,Delhi,DVC3097,192.168.1.107,1.13,1.16,General
E004,2024-06-24,09:02,17:02,Remote,Absent,Delhi,DVC6920,192.168.1.117,0.83,0.4,Flexible
E004,2024-06-25,09:08,17:08,On-site,Present,Delhi,DVC8066,192.168.1.56,1.1,1.01,Flexible
E004,2024-06-26,09:05,19:05,On-site,Present,Delhi,DVC3897,192.168.1.32,0.64,1.59,General
E004,2024-06-27,09:06,19:06,Remote,Absent,Delhi,DVC1728,192.168.1.152,0.63,0.97,Flexible
E004,2024-06-28,09:08,18:08,Remote,Present,Delhi,DVC8541,192.168.1.254,1.31,0.86,Flexible
E005,2024-01-01,09:00,18:00,On-site,Absent,Delhi,DVC2314,192.168.1.84,1.38,1.7,General
E005,2024-01-02,09:15,18:15,Remote,Absent,Delhi,DVC9422,192.168.1.31,1.37,1.83,General
E005,2024-01-03,09:08,17:08,On-site,Present,Delhi,DVC5595,192.168.1.227,1.44,0.32,Night
E005,2024-01-04,09:00,17:00,Remote,Present,Delhi,DVC2784,192.168.1.70,0.78,0.67,Flexible
E005,2024-01-05,09:08,19:08,Remote,Absent,Delhi,DVC1753,192.168.1.151,1.46,0.85,Flexible
E005,2024-01-08,09:01,17:01,Remote,Absent,Delhi,DVC4099,192.168.1.87,1.41,0.05,Night
E005,2024-01-09,09:11,18:11,Remote,Absent,Delhi,DVC8494,192.168.1.210,0.83,0.63,Night
E005,2024-01-10,09:05,19:05,Remote,Present,Delhi,DVC7916,192.168.1.150,1.13,0.09,Night
E005,2024-01-11,09:12,19:12,Remote,Absent,Delhi,DVC6737,192.168.1.241,1.23,1.53,Night
E005,2024-01-12,09:06,19:06,On-site,Absent,Delhi,DVC3849,192.168.1.111,0.62,1.5,Night
E005,2024-01-15,09:01,18:01,Remote,Present,Delhi,DVC8764,192.168.1.184,1.14,0.45,General
E005,2024-01-16,09:13,19:13,Remote,Absent,Delhi,DVC4467,192.168.1.231,1.26,0.06,General
E005,2024-01-17,09:13,18:13,Remote,Present,Delhi,DVC2507,192.168.1.98,0.54,1.83,Night
E005,2024-01-18,09:02,18:02,On-site,Present,Delhi,DVC6551,192.168.1.250,0.67,1.46,Night
E005,2024-01-19,09:12,18:12,Remote,Absent,Delhi,DVC1899,192.168.1.110,0.71,0.35,Flexible
E005,2024-01-22,09:15,18:15,Remote,Present,Delhi,DVC9347,192.168.1.233,1.09,0.78,General
E005,2024-01-23,09:06,17:06,Remote,Absent,Delhi,DVC1112,192.168.1.99,1.11,1.51,General
E005,2024-01-24,09:15,18:15,Remote,Absent,Delhi,DVC8341,192.168.1.100,0.91,0.58,General
E005,2024-01-25,09:11,18:11,Remote,Present,Delhi,DVC4205,192.168.1.143,1.2,0.63,Flexible
E005,2024-01-26,09:07,19:07,On-site,Absent,Delhi,DVC3226,192.168.1.184,1.09,1.36,Flexible
E005,2024-01-29,09:09,17:09,On-site,Absent,Delhi,DVC1588,192.168.1.144,1.31,0.33,Night
E005,2024-01-30,09:03,19:03,On-site,Absent,Delhi,DVC3434,192.168.1.123,1.42,0.58,Night
E005,2024-01-31,09:05,18:05,Remote,Present,Delhi,DVC4972,192.168.1.55,0.94,0.98,Night
E005,2024-02-01,09:06,18:06,On-site,Present,Delhi,DVC2387,192.168.1.152,1.44,1.73,General
E005,2024-02-02,09:09,19:09,On-site,Absent,Delhi,DVC2599,192.168.1.41,1.29,0.58,Night
E005,2024-02-05,09:08,19:08,On-site,Absent,Delhi,DVC7959,192.168.1.227,0.69,0.27,Flexible
E005,2024-02-06,09:08,19:08,On-site,Present,Delhi,DVC4249,192.168.1.217,1.16,0.33,Flexible
E005,2024-02-07,09:05,19:05,Remote,Absent,Delhi,DVC5879,192.168.1.24,1.36,0.92,Flexible
E005,2024-02-08,09:07,17:07,Remote,Present,Delhi,DVC6111,192.168.1.104,0.96,1.68,Night
E005,2024-02-09,09:15,19:15,On-site,Present,Delhi,DVC1688,192.168.1.250,1.06,0.35,Night
E005,2024-02-12,09:02,17:02,On-site,Present,Delhi,DVC9794,192.168.1.24,1.07,0.28,Night
E005,2024-02-13,09:03,19:03,On-site,Absent,Delhi,DVC2615,192.168.1.201,0.59,1.44,Flexible
E005,2024-02-14,09:12,17:12,Remote,Absent,Delhi,DVC4736,192.168.1.234,0.71,1.12,Night
E005,2024-02-15,09:08,18:08,On-site,Absent,Delhi,DVC4339,192.168.1.22,0.63,1.44,General
E005,2024-02-16,09:08,18:08,Remote,Present,Delhi,DVC2757,192.168.1.5,1.28,1.72,General
E005,2024-02-19,09:09,19:09,Remote,Absent,Delhi,DVC4616,192.168.1.209,0.56,1.61,Flexible
E005,2024-02-20,09:03,18:03,Remote,Absent,Delhi,DVC8660,192.168.1.45,0.93,0.41,General
E005,2024-02-21,09:12,19:12,On-site,Absent,Delhi,DVC7650,192.168.1.131,0.92,0.17,General
E005,2024-02-22,09:06,19:06,On-site,Absent,Delhi,DVC7129,192.168.1.74,0.94,0.02,Flexible
E005,2024-02-23,09:05,18:05,On-site,Present,Delhi,DVC3538,192.168.1.139,1.47,1.44,Night
E005,2024-02-26,09:12,17:12,On-site,Absent,Delhi,DVC6839,192.168.1.16,0.74,1.06,General
E005,2024-02-27,09:12,17:12,Remote,Present,Delhi,DVC8273,192.168.1.135,1.22,1.01,Flexible
E005,2024-02-28,09:08,17:08,Remote,Absent,Delhi,DVC9012,192.168.1.251,1.42,1.37,General
E005,2024-02-29,09:02,19:02,Remote,Present,Delhi,DVC7291,192.168.1.55,0.53,0.58,Night
E005,2024-03-01,09:13,19:13,On-site,Present,Delhi,DVC7999,192.168.1.244,1.49,1.82,General
E005,2024-03-04,09:14,18:14,On-site,Present,Delhi,DVC3559,192.168.1.225,1.15,0.79,Night
E005,2024-03-05,09:15,18:15,Remote,Absent,Delhi,DVC4448,192.168.1.185,1.4,0.11,Flexible
E005,2024-03-06,09:04,18:04,Remote,Absent,Delhi,DVC2258,192.168.1.117,1.01,0.53,Flexible
E005,2024-03-07,09:04,18:04,Remote,Present,Delhi,DVC4796,192.168.1.78,1.01,0.28,Flexible
E005,2024-03-08,09:06,17:06,On-site,Present,Delhi,DVC1984,192.168.1.156,1.47,0.19,Night
E005,2024-03-11,09:08,18:08,Remote,Absent,Delhi,DVC8153,192.168.1.225,1.33,1.68,General
E005,2024-03-12,09:08,18:08,Remote,Absent,Delhi,DVC5334,192.168.1.7,1.24,1.98,General
E005,2024-03-13,09:13,17:13,On-site,Absent,Delhi,DVC5039,192.168.1.39,1.46,0.48,General
E005,2024-03-14,09:14,17:14,On-site,Present,Delhi,DVC5511,192.168.1.13,0.95,1.86,Night
E005,2024-03-15,09:14,18:14,Remote,Present,Delhi,DVC8368,192.168.1.31,0.84,0.09,General
E005,2024-03-18,09:00,18:00,Remote,Present,Delhi,DVC9013,192.168.1.219,1.03,1.0,Night
E005,2024-03-19,09:15,18:15,Remote,Absent,Delhi,DVC7663,192.168.1.20,0.59,1.94,Night
E005,2024-03-20,09:01,18:01,Remote,Present,Delhi,DVC3164,192.168.1.177,1.08,0.16,Night
E005,2024-03-21,09:01,19:01,Remote,Present,Delhi,DVC7750,192.168.1.226,1.2,0.84,Flexible
E005,2024-03-22,09:14,17:14,Remote,Absent,Delhi,DVC9165,192.168.1.51,1.08,0.64,Flexible
E005,2024-03-25,09:01,17:01,On-site,Absent,Delhi,DVC8639,192.168.1.37,1.18,0.4,General
E005,2024-03-26,09:03,17:03,On-site,Absent,Delhi,DVC4187,192.168.1.11,1.46,1.19,Flexible
E005,2024-03-27,09:09,18:09,Remote,Present,Delhi,DVC2700,192.168.1.20,0.98,1.69,General
E005,2024-03-28,09:12,17:12,Remote,Present,Delhi,DVC6642,192.168.1.39,0.69,0.41,Night
E005,2024-03-29,09:01,18:01,On-site,Present,Delhi,DVC5084,192.168.1.63,0.9,0.6,General
E005,2024-04-01,09:05,19:05,Remote,Present,Delhi,DVC8769,192.168.1.11,0.59,1.27,General
E005,2024-04-02,09:13,18:13,Remote,Present,Delhi,DVC4954,192.168.1.116,1.01,1.05,Night
E005,2024-04-03,09:11,19:11,Remote,Absent,Delhi,DVC7657,192.168.1.234,0.65,0.74,Flexible
E005,2024-04-04,09:01,18:01,Remote,Absent,Delhi,DVC6278,192.168.1.122,0.64,1.76,General
E005,2024-04-05,09:04,17:04,Remote,Absent,Delhi,DVC5975,192.168.1.51,1.17,0.03,Night
E005,2024-04-08,09:10,17:10,Remote,Absent,Delhi,DVC1373,192.168.1.158,1.36,0.26,Night
E005,2024-04-09,09:07,19:07,Remote,Absent,Delhi,DVC1936,192.168.1.5,0.86,1.69,Flexible
E005,2024-04-10,09:04,18:04,Remote,Absent,Delhi,DVC9702,192.168.1.95,1.49,1.4,Night
E005,2024-04-11,09:01,19:01,Remote,Absent,Delhi,DVC3637,192.168.1.24,1.21,1.21,General
E005,2024-04-12,09:07,17:07,On-site,Present,Delhi,DVC9623,192.168.1.136,0.68,0.11,Night
E005,2024-04-15,09:04,17:04,Remote,Absent,Delhi,DVC7869,192.168.1.157,1.25,0.38,General
E005,2024-04-16,09:02,17:02,Remote,Present,Delhi,DVC9610,192.168.1.108,1.42,0.61,General
E005,2024-04-17,09:10,18:10,On-site,Absent,Delhi,DVC5739,192.168.1.245,0.56,1.41,General
E005,2024-04-18,09:09,18:09,Remote,Absent,Delhi,DVC1457,192.168.1.94,1.38,1.52,General
E005,2024-04-19,09:14,18:14,Remote,Absent,Delhi,DVC5293,192.168.1.75,1.18,1.24,General
E005,2024-04-22,09:00,19:00,Remote,Present,Delhi,DVC5086,192.168.1.222,1.18,1.18,General
E005,2024-04-23,09:03,18:03,On-site,Present,Delhi,DVC1747,192.168.1.126,0.6,1.68,General
E005,2024-04-24,09:14,17:14,Remote,Absent,Delhi,DVC6653,192.168.1.238,1.34,0.45,Night
E005,2024-04-25,09:00,18:00,On-site,Present,Delhi,DVC9705,192.168.1.13,1.31,1.87,General
E005,2024-04-26,09:06,17:06,On-site,Present,Delhi,DVC6729,192.168.1.90,1.37,1.33,General
E005,2024-04-29,09:07,19:07,Remote,Absent,Delhi,DVC9373,192.168.1.72,1.32,1.11,General
E005,2024-04-30,09:02,17:02,Remote,Present,Delhi,DVC4446,192.168.1.20,1.23,1.72,General
E005,2024-05-01,09:03,19:03,On-site,Absent,Delhi,DVC4964,192.168.1.30,1.18,0.03,Night
E005,2024-05-02,09:10,19:10,Remote,Absent,Delhi,DVC9390,192.168.1.181,1.36,1.89,Flexible
E005,2024-05-03,09:05,18:05,Remote,Present,Delhi,DVC1520,192.168.1.132,1.27,0.03,Night
E005,2024-05-06,09:05,19:05,Remote,Present,Delhi,DVC5554,192.168.1.7,1.1,1.52,General
E005,2024-05-07,09:13,18:13,Remote,Absent,Delhi,DVC8959,192.168.1.212,0.64,0.93,Night
E005,2024-05-08,09:02,18:02,On-site,Absent,Delhi,DVC3929,192.168.1.176,0.9,0.75,Flexible
E005,2024-05-09,09:03,19:03,Remote,Present,Delhi,DVC2349,192.168.1.236,0.59,1.89,Flexible
E005,2024-05-10,09:09,17:09,Remote,Absent,Delhi,DVC5950,192.168.1.246,0.69,0.67,General
E005,2024-05-13,09:15,19:15,On-site,Absent,Delhi,DVC8439,192.168.1.174,1.06,1.07,Night
E005,2024-05-14,09:07,17:07,On-site,Present,Delhi,DVC9948,192.168.1.225,1.12,1.4,Night
E005,2024-05-15,09:05,18:05,Remote,Absent,Delhi,DVC5310,192.168.1.116,0.83,1.08,Flexible
E005,2024-05-16,09:12,18:12,Remote,Absent,Delhi,DVC5184,192.168.1.27,0.81,1.21,Night
E005,2024-05-17,09:02,18:02,Remote,Absent,Delhi,DVC6670,192.168.1.145,1.3,0.88,Flexible
E005,2024-05-20,09:04,17:04,On-site,Present,Delhi,DVC6849,192.168.1.139,0.9,1.73,Flexible
E005,2024-05-21,09:09,19:09,On-site,Present,Delhi,DVC6366,192.168.1.132,0.54,1.32,Flexible
E005,2024-05-22,09:12,18:12,Remote,Present,Delhi,DVC2581,192.168.1.182,1.48,0.13,Flexible
E005,2024-05-23,09:09,17:09,On-site,Present,Delhi,DVC4219,192.168.1.126,0.55,1.46,Flexible
E005,2024-05-24,09:14,19:14,On-site,Present,Delhi,DVC2010,192.168.1.179,1.23,1.56,Flexible
E005,2024-05-27,09:09,18:09,Remote,Absent,Delhi,DVC6468,192.168.1.190,1.46,0.18,General
E005,2024-05-28,09:14,17:14,Remote,Present,Delhi,DVC2961,192.168.1.79,0.91,0.76,General
E005,2024-05-29,09:00,19:00,On-site,Present,Delhi,DVC5692,192.168.1.187,1.21,0.98,Flexible
E005,2024-05-30,09:12,19:12,Remote,Present,Delhi,DVC2734,192.168.1.106,0.73,1.56,Flexible
E005,2024-05-31,09:04,18:04,On-site,Present,Delhi,DVC6040,192.168.1.53,1.44,1.41,Flexible
E005,2024-06-03,09:09,19:09,Remote,Present,Delhi,DVC3836,192.168.1.112,1.32,1.0,Night
E005,2024-06-04,09:15,17:15,Remote,Present,Delhi,DVC8715,192.168.1.46,1.35,0.91,Night
E005,2024-06-05,09:01,17:01,On-site,Present,Delhi,DVC2059,192.168.1.63,0.69,0.13,Night
E005,2024-06-06,09:15,19:15,On-site,Absent,Delhi,DVC3402,192.168.1.243,1.07,0.91,General
E005,2024-06-07,09:07,18:07,Remote,Absent,Delhi,DVC8268,192.168.1.189,0.62,0.81,General
E005,2024-06-10,09:06,17:06,Remote,Absent,Delhi,DVC9865,192.168.1.40,0.51,1.95,Flexible
E005,2024-06-11,09:04,17:04,Remote,Present,Delhi,DVC4717,192.168.1.105,1.19,0.25,Night
E005,2024-06-12,09:13,17:13,Remote,Present,Delhi,DVC9677,192.168.1.29,0.56,1.76,Night
E005,2024-06-13,09:11,19:11,Remote,Present,Delhi,DVC6283,192.168.1.144,0.87,0.43,General
E005,2024-06-14,09:05,18:05,On-site,Present,Delhi,DVC7839,192.168.1.70,0.67,1.29,Night
E005,2024-06-17,09:00,17:00,Remote,Absent,Delhi,DVC6827,192.168.1.226,0.61,1.14,General
E005,2024-06-18,09:09,18:09,Remote,Present,Delhi,DVC2237,192.168.1.113,0.85,1.5,Night
E005,2024-06-19,09:10,19:10,Remote,Present,Delhi,DVC3512,192.168.1.104,0.71,1.83,General
E005,2024-06-20,09:04,19:04,Remote,Absent,Delhi,DVC6641,192.168.1.39,1.25,0.46,Night
E005,2024-06-21,09:10,19:10,On-site,Present,Delhi,DVC1125,192.168.1.191,0.92,0.17,Flexible
E005,2024-06-24,09:12,18:12,Remote,Absent,Delhi,DVC4643,192.168.1.99,1.02,1.24,General
E005,2024-06-25,09:00,18:00,On-site,Absent,Delhi,DVC2949,192.168.1.47,1.49,1.86,Flexible
E005,2024-06-26,09:02,17:02,On-site,Absent,Delhi,DVC2550,192.168.1.36,0.59,1.97,Flexible
E005,2024-06-27,09:10,18:10,On-site,Absent,Delhi,DVC7379,192.168.1.165,1.43,1.02,Flexible
E005,2024-06-28,09:06,19:06,On-site,Present,Delhi,DVC4134,192.168.1.66,0.6,1.09,General
E006,2024-01-01,09:09,18:09,Remote,Present,Mumbai,DVC4479,192.168.1.216,1.18,1.12,Night
E006,2024-01-02,09:06,19:06,Remote,Present,Mumbai,DVC2516,192.168.1.80,1.27,0.9,General
E006,2024-01-03,09:10,17:10,On-site,Present,Mumbai,DVC2499,192.168.1.12,1.22,0.93,Night
E006,2024-01-04,09:11,18:11,Remote,Present,Mumbai,DVC1856,192.168.1.175,1.18,0.58,Flexible
E006,2024-01-05,09:04,19:04,Remote,Present,Mumbai,DVC2805,192.168.1.79,1.2,0.96,Night
E006,2024-01-08,09:12,17:12,On-site,Present,Mumbai,DVC9099,192.168.1.56,0.62,0.93,Night
E006,2024-01-09,09:12,18:12,Remote,Present,Mumbai,DVC7773,192.168.1.177,1.1,1.66,Flexible
E006,2024-01-10,09:08,19:08,On-site,Present,Mumbai,DVC4929,192.168.1.143,1.09,1.65,Night
E006,2024-01-11,09:08,17:08,Remote,Present,Mumbai,DVC5326,192.168.1.13,0.59,0.4,Flexible
E006,2024-01-12,09:01,19:01,Remote,Present,Mumbai,DVC8591,192.168.1.164,1.44,1.88,Night
E006,2024-01-15,09:13,17:13,On-site,Present,Mumbai,DVC8711,192.168.1.89,1.4,0.21,Night
E006,2024-01-16,09:13,19:13,Remote,Present,Mumbai,DVC6491,192.168.1.200,1.02,1.73,General
E006,2024-01-17,09:01,18:01,Remote,Present,Mumbai,DVC2131,192.168.1.94,0.88,1.44,Night
E006,2024-01-18,09:06,17:06,On-site,Present,Mumbai,DVC1257,192.168.1.125,0.85,0.67,General
E006,2024-01-19,09:10,17:10,Remote,Present,Mumbai,DVC8201,192.168.1.115,0.91,1.57,Flexible
E006,2024-01-22,09:04,17:04,Remote,Present,Mumbai,DVC1486,192.168.1.245,0.61,1.44,Night
E006,2024-01-23,09:14,18:14,On-site,Present,Mumbai,DVC4184,192.168.1.195,0.74,0.11,General
E006,2024-01-24,09:07,18:07,Remote,Present,Mumbai,DVC7260,192.168.1.247,0.7,1.73,Flexible
E006,2024-01-25,09:12,17:12,On-site,Present,Mumbai,DVC7381,192.168.1.205,1.26,0.17,Night
E006,2024-01-26,09:08,17:08,Remote,Present,Mumbai,DVC4472,192.168.1.2,0.88,0.41,Night
E006,2024-01-29,09:13,18:13,Remote,Present,Mumbai,DVC4365,192.168.1.47,1.16,0.39,General
E006,2024-01-30,09:02,18:02,On-site,Present,Mumbai,DVC3417,192.168.1.101,0.62,1.27,Night
E006,2024-01-31,09:10,18:10,Remote,Present,Mumbai,DVC8491,192.168.1.132,0.59,1.84,General
E006,2024-02-01,09:00,18:00,On-site,Present,Mumbai,DVC3763,192.168.1.195,0.9,1.75,Night
E006,2024-02-02,09:13,18:13,Remote,Present,Mumbai,DVC2288,192.168.1.192,0.71,1.79,General
E006,2024-02-05,09:00,18:00,On-site,Present,Mumbai,DVC6548,192.168.1.73,1.39,0.52,General
E006,2024-02-06,09:09,19:09,On-site,Present,Mumbai,DVC1137,192.168.1.250,1.15,0.49,General
E006,2024-02-07,09:06,17:06,Remote,Present,Mumbai,DVC6266,192.168.1.217,1.19,1.94,General
E006,2024-02-08,09:14,19:14,Remote,Present,Mumbai,DVC4042,192.168.1.172,1.39,0.1,Flexible
E006,2024-02-09,09:03,18:03,On-site,Present,Mumbai,DVC2056,192.168.1.91,0.57,1.29,Night
E006,2024-02-12,09:06,17:06,On-site,Present,Mumbai,DVC6108,192.168.1.102,1.09,1.69,Night
E006,2024-02-13,09:02,19:02,On-site,Present,Mumbai,DVC4780,192.168.1.17,0.67,0.13,Flexible
E006,2024-02-14,09:14,17:14,Remote,Present,Mumbai,DVC8278,192.168.1.25,1.23,0.33,General
E006,2024-02-15,09:14,18:14,Remote,Present,Mumbai,DVC2173,192.168.1.9,1.11,1.43,Flexible
E006,2024-02-16,09:08,19:08,On-site,Present,Mumbai,DVC2179,192.168.1.55,0.75,0.62,Night
E006,2024-02-19,09:12,18:12,On-site,Present,Mumbai,DVC5186,192.168.1.164,1.44,0.95,General
E006,2024-02-20,09:02,18:02,Remote,Present,Mumbai,DVC1965,192.168.1.16,0.88,1.05,Night
E006,2024-02-21,09:12,17:12,Remote,Present,Mumbai,DVC4424,192.168.1.23,0.84,0.34,Flexible
E006,2024-02-22,09:07,19:07,On-site,Present,Mumbai,DVC4972,192.168.1.224,1.28,0.03,Night
E006,2024-02-23,09:12,19:12,On-site,Present,Mumbai,DVC2110,192.168.1.115,0.95,0.37,Night
E006,2024-02-26,09:07,19:07,Remote,Present,Mumbai,DVC8137,192.168.1.3,0.68,0.83,General
E006,2024-02-27,09:08,18:08,Remote,Present,Mumbai,DVC4838,192.168.1.45,0.61,0.82,General
E006,2024-02-28,09:09,18:09,On-site,Present,Mumbai,DVC2852,192.168.1.209,1.33,1.18,Flexible
E006,2024-02-29,09:09,18:09,On-site,Present,Mumbai,DVC6005,192.168.1.183,0.97,1.58,Night
E006,2024-03-01,09:04,18:04,Remote,Present,Mumbai,DVC9445,192.168.1.100,0.87,1.11,General
E006,2024-03-04,09:02,18:02,On-site,Present,Mumbai,DVC1680,192.168.1.187,0.55,0.78,Night
E006,2024-03-05,09:13,19:13,Remote,Present,Mumbai,DVC3761,192.168.1.123,1.4,0.51,Flexible
E006,2024-03-06,09:15,18:15,Remote,Present,Mumbai,DVC2591,192.168.1.186,1.07,1.01,Flexible
E006,2024-03-07,09:02,18:02,Remote,Present,Mumbai,DVC2472,192.168.1.63,0.66,0.64,Night
E006,2024-03-08,09:08,17:08,Remote,Present,Mumbai,DVC5958,192.168.1.159,1.36,1.77,Flexible
E006,2024-03-11,09:05,17:05,Remote,Present,Mumbai,DVC7042,192.168.1.2,1.06,0.1,Night
E006,2024-03-12,09:10,19:10,On-site,Present,Mumbai,DVC2613,192.168.1.2,1.19,1.02,General
E006,2024-03-13,09:08,18:08,Remote,Present,Mumbai,DVC7178,192.168.1.154,1.49,1.16,General
E006,2024-03-14,09:09,19:09,Remote,Present,Mumbai,DVC9894,192.168.1.111,0.94,1.56,General
E006,2024-03-15,09:05,17:05,On-site,Present,Mumbai,DVC8820,192.168.1.203,0.65,0.59,General
E006,2024-03-18,09:08,18:08,Remote,Present,Mumbai,DVC5956,192.168.1.122,0.61,0.7,Night
E006,2024-03-19,09:03,18:03,Remote,Present,Mumbai,DVC4172,192.168.1.164,0.66,0.35,Night
E006,2024-03-20,09:14,18:14,Remote,Present,Mumbai,DVC4610,192.168.1.98,1.21,0.64,Flexible
E006,2024-03-21,09:08,19:08,On-site,Present,Mumbai,DVC2363,192.168.1.15,1.35,0.96,General
E006,2024-03-22,09:12,18:12,Remote,Present,Mumbai,DVC7200,192.168.1.203,0.79,1.22,Flexible
E006,2024-03-25,09:11,19:11,Remote,Present,Mumbai,DVC3996,192.168.1.81,0.86,1.75,Night
E006,2024-03-26,09:06,19:06,On-site,Present,Mumbai,DVC2287,192.168.1.202,0.98,1.7,Flexible
E006,2024-03-27,09:11,18:11,On-site,Present,Mumbai,DVC7992,192.168.1.193,1.36,1.2,Flexible
E006,2024-03-28,09:12,19:12,On-site,Present,Mumbai,DVC7117,192.168.1.227,0.94,0.06,Night
E006,2024-03-29,09:04,17:04,On-site,Present,Mumbai,DVC9496,192.168.1.153,0.57,0.62,Flexible
E006,2024-04-01,09:12,18:12,On-site,Present,Mumbai,DVC6978,192.168.1.206,1.3,0.32,Night
E006,2024-04-02,09:06,18:06,Remote,Present,Mumbai,DVC9748,192.168.1.76,0.91,1.32,General
E006,2024-04-03,09:12,19:12,Remote,Present,Mumbai,DVC5344,192.168.1.175,1.13,1.73,General
E006,2024-04-04,09:13,17:13,On-site,Present,Mumbai,DVC6988,192.168.1.132,1.23,0.48,Flexible
E006,2024-04-05,09:01,17:01,Remote,Present,Mumbai,DVC3531,192.168.1.85,1.13,1.44,General
E006,2024-04-08,09:11,18:11,On-site,Present,Mumbai,DVC9256,192.168.1.233,1.16,0.93,General
E006,2024-04-09,09:14,17:14,On-site,Present,Mumbai,DVC6698,192.168.1.102,0.62,0.14,General
E006,2024-04-10,09:11,19:11,On-site,Present,Mumbai,DVC5217,192.168.1.230,1.33,0.59,General
E006,2024-04-11,09:15,18:15,On-site,Present,Mumbai,DVC8987,192.168.1.141,1.09,0.09,Night
E006,2024-04-12,09:12,18:12,On-site,Present,Mumbai,DVC4000,192.168.1.152,1.19,0.03,General
E006,2024-04-15,09:11,18:11,Remote,Present,Mumbai,DVC8668,192.168.1.234,0.91,1.74,Flexible
E006,2024-04-16,09:05,17:05,Remote,Present,Mumbai,DVC6037,192.168.1.76,1.31,0.24,Night
E006,2024-04-17,09:10,19:10,Remote,Present,Mumbai,DVC3808,192.168.1.21,1.48,1.97,Flexible
E006,2024-04-18,09:15,19:15,Remote,Present,Mumbai,DVC9917,192.168.1.11,0.62,1.79,Flexible
E006,2024-04-19,09:13,19:13,Remote,Present,Mumbai,DVC1053,192.168.1.149,1.05,0.29,Flexible
E006,2024-04-22,09:01,18:01,Remote,Present,Mumbai,DVC5861,192.168.1.3,1.41,1.27,General
E006,2024-04-23,09:03,18:03,On-site,Present,Mumbai,DVC9362,192.168.1.229,0.58,1.74,General
E006,2024-04-24,09:08,19:08,Remote,Present,Mumbai,DVC1080,192.168.1.16,0.92,1.72,Night
E006,2024-04-25,09:07,17:07,On-site,Present,Mumbai,DVC9147,192.168.1.110,0.69,1.0,Night
E006,2024-04-26,09:13,19:13,Remote,Present,Mumbai,DVC9639,192.168.1.207,1.28,0.27,Flexible
E006,2024-04-29,09:00,18:00,Remote,Present,Mumbai,DVC4493,192.168.1.88,0.91,0.69,General
E006,2024-04-30,09:14,17:14,On-site,Present,Mumbai,DVC6976,192.168.1.183,1.22,1.39,General
E006,2024-05-01,09:12,17:12,On-site,Present,Mumbai,DVC4357,192.168.1.51,0.79,1.98,Flexible
E006,2024-05-02,09:14,18:14,Remote,Present,Mumbai,DVC2736,192.168.1.136,0.72,1.03,Night
E006,2024-05-03,09:03,19:03,On-site,Present,Mumbai,DVC6448,192.168.1.105,0.74,0.57,General
E006,2024-05-06,09:07,19:07,Remote,Present,Mumbai,DVC5743,192.168.1.98,0.79,1.3,Flexible
E006,2024-05-07,09:12,19:12,On-site,Present,Mumbai,DVC5559,192.168.1.142,0.85,1.66,Night
E006,2024-05-08,09:09,19:09,Remote,Present,Mumbai,DVC1845,192.168.1.130,0.92,1.65,Flexible
E006,2024-05-09,09:09,18:09,Remote,Present,Mumbai,DVC8853,192.168.1.124,0.58,1.99,General
E006,2024-05-10,09:15,18:15,On-site,Present,Mumbai,DVC6984,192.168.1.211,1.31,1.88,Night
E006,2024-05-13,09:04,18:04,On-site,Present,Mumbai,DVC8597,192.168.1.178,1.37,1.36,General
E006,2024-05-14,09:14,19:14,Remote,Present,Mumbai,DVC9867,192.168.1.218,1.19,1.97,General
E006,2024-05-15,09:15,18:15,On-site,Present,Mumbai,DVC3228,192.168.1.86,0.79,1.35,Flexible
E006,2024-05-16,09:03,18:03,Remote,Present,Mumbai,DVC5749,192.168.1.159,1.14,0.99,General
E006,2024-05-17,09:07,17:07,On-site,Present,Mumbai,DVC6998,192.168.1.46,0.82,0.74,Flexible
E006,2024-05-20,09:10,17:10,Remote,Present,Mumbai,DVC4016,192.168.1.4,1.02,1.82,Flexible
E006,2024-05-21,09:14,17:14,Remote,Present,Mumbai,DVC6649,192.168.1.97,0.81,1.44,Night
E006,2024-05-22,09:09,17:09,On-site,Present,Mumbai,DVC9451,192.168.1.85,1.08,1.46,Flexible
E006,2024-05-23,09:07,19:07,Remote,Present,Mumbai,DVC4896,192.168.1.26,0.67,1.25,Flexible
E006,2024-05-24,09:10,18:10,Remote,Present,Mumbai,DVC9133,192.168.1.111,0.97,1.69,Flexible
E006,2024-05-27,09:05,18:05,On-site,Present,Mumbai,DVC6331,192.168.1.47,0.92,1.25,Flexible
E006,2024-05-28,09:10,17:10,Remote,Present,Mumbai,DVC1145,192.168.1.222,0.54,1.39,Night
E006,2024-05-29,09:03,18:03,On-site,Present,Mumbai,DVC8592,192.168.1.207,1.5,0.67,Flexible
E006,2024-05-30,09:09,18:09,On-site,Present,Mumbai,DVC3864,192.168.1.245,1.15,1.43,Night
E006,2024-05-31,09:10,19:10,On-site,Present,Mumbai,DVC1273,192.168.1.208,0.82,1.62,Flexible
E006,2024-06-03,09:00,17:00,Remote,Present,Mumbai,DVC6314,192.168.1.242,1.01,0.66,Flexible
E006,2024-06-04,09:13,19:13,On-site,Present,Mumbai,DVC8360,192.168.1.37,0.86,1.49,General
E006,2024-06-05,09:13,18:13,Remote,Present,Mumbai,DVC6844,192.168.1.213,0.78,0.55,Night
E006,2024-06-06,09:11,18:11,Remote,Present,Mumbai,DVC1874,192.168.1.79,1.49,0.03,General
E006,2024-06-07,09:06,19:06,Remote,Present,Mumbai,DVC1150,192.168.1.199,0.89,0.98,General
E006,2024-06-10,09:08,17:08,On-site,Present,Mumbai,DVC1577,192.168.1.102,1.27,1.86,General
E006,2024-06-11,09:10,18:10,Remote,Present,Mumbai,DVC5847,192.168.1.122,1.13,1.97,Flexible
E006,2024-06-12,09:07,18:07,Remote,Present,Mumbai,DVC8959,192.168.1.58,0.68,1.44,Night
E006,2024-06-13,09:14,18:14,On-site,Present,Mumbai,DVC1321,192.168.1.48,0.63,0.95,Night
E006,2024-06-14,09:07,17:07,On-site,Present,Mumbai,DVC7306,192.168.1.150,1.5,0.69,Flexible
E006,2024-06-17,09:00,18:00,Remote,Present,Mumbai,DVC2179,192.168.1.218,1.23,1.72,Flexible
E006,2024-06-18,09:04,17:04,On-site,Present,Mumbai,DVC3850,192.168.1.253,1.3,1.47,General
E006,2024-06-19,09:07,19:07,On-site,Present,Mumbai,DVC3624,192.168.1.195,1.04,0.09,Flexible
E006,2024-06-20,09:10,17:10,On-site,Present,Mumbai,DVC2518,192.168.1.219,1.13,1.11,Night
E006,2024-06-21,09:02,17:02,On-site,Present,Mumbai,DVC9493,192.168.1.98,0.59,1.21,Night
E006,2024-06-24,09:11,19:11,Remote,Present,Mumbai,DVC6218,192.168.1.44,1.31,0.75,Flexible
E006,2024-06-25,09:11,17:11,On-site,Present,Mumbai,DVC9679,192.168.1.143,0.94,1.41,Flexible
E006,2024-06-26,09:04,17:04,On-site,Present,Mumbai,DVC1735,192.168.1.226,1.22,1.94,General
E006,2024-06-27,09:13,17:13,Remote,Present,Mumbai,DVC4302,192.168.1.66,1.05,1.97,Flexible
E006,2024-06-28,09:05,17:05,Remote,Present,Mumbai,DVC1563,192.168.1.6,0.52,0.84,General
